Date,Hour,Minute,Permit Type,Spaces Left
2023-09-25,14,26,Gold Permit,7
2023-09-25,14,26,Gold Permit,0
2023-09-25,14,26,Gold Permit,0
2023-09-25,14,26,Orange Permit,9
2023-09-25,14,26,Orange Permit,3
2023-09-25,14,26,Purple Permit,2
2023-09-25,14,26,Pay-By-Space,7
2023-09-25,14,30,Gold Permit,7
2023-09-25,14,30,Gold Permit,0
2023-09-25,14,30,Gold Permit,0
2023-09-25,14,30,Orange Permit,9
2023-09-25,14,30,Orange Permit,4
2023-09-25,14,30,Purple Permit,2
2023-09-25,14,30,Pay-By-Space,6
2023-09-25,14,30,Gold Permit,7
2023-09-25,14,30,Gold Permit,0
2023-09-25,14,30,Gold Permit,0
2023-09-25,14,30,Orange Permit,9
2023-09-25,14,30,Orange Permit,4
2023-09-25,14,30,Purple Permit,2
2023-09-25,14,30,Pay-By-Space,6
2023-09-25,14,33,Gold Permit,5
2023-09-25,14,33,Gold Permit,0
2023-09-25,14,33,Gold Permit,0
2023-09-25,14,33,Orange Permit,14
2023-09-25,14,33,Orange Permit,6
2023-09-25,14,33,Purple Permit,3
2023-09-25,14,33,Pay-By-Space,7
2023-09-25,14,34,Gold Permit,5
2023-09-25,14,34,Gold Permit,0
2023-09-25,14,34,Gold Permit,0
2023-09-25,14,34,Orange Permit,15
2023-09-25,14,34,Orange Permit,5
2023-09-25,14,34,Purple Permit,1
2023-09-25,14,34,Pay-By-Space,6
2023-09-25,14,35,Gold Permit,5
2023-09-25,14,35,Gold Permit,0
2023-09-25,14,35,Gold Permit,0
2023-09-25,14,35,Orange Permit,15
2023-09-25,14,35,Orange Permit,5
2023-09-25,14,35,Purple Permit,1
2023-09-25,14,35,Pay-By-Space,6
2023-09-25,14,35,Gold Permit,5
2023-09-25,14,35,Gold Permit,0
2023-09-25,14,35,Gold Permit,0
2023-09-25,14,35,Orange Permit,15
2023-09-25,14,35,Orange Permit,5
2023-09-25,14,35,Purple Permit,1
2023-09-25,14,35,Pay-By-Space,6
2023-09-25,14,36,Gold Permit,8
2023-09-25,14,36,Gold Permit,0
2023-09-25,14,36,Gold Permit,0
2023-09-25,14,36,Orange Permit,14
2023-09-25,14,36,Orange Permit,6
2023-09-25,14,36,Purple Permit,2
2023-09-25,14,36,Pay-By-Space,7
2023-09-25,14,36,Gold Permit,7
2023-09-25,14,36,Gold Permit,0
2023-09-25,14,36,Gold Permit,0
2023-09-25,14,36,Orange Permit,14
2023-09-25,14,36,Orange Permit,5
2023-09-25,14,36,Purple Permit,2
2023-09-25,14,36,Pay-By-Space,7
2023-09-25,14,36,Gold Permit,7
2023-09-25,14,36,Gold Permit,0
2023-09-25,14,36,Gold Permit,0
2023-09-25,14,36,Orange Permit,14
2023-09-25,14,36,Orange Permit,5
2023-09-25,14,36,Purple Permit,2
2023-09-25,14,36,Pay-By-Space,7
2023-09-25,14,37,Gold Permit,7
2023-09-25,14,37,Gold Permit,0
2023-09-25,14,37,Gold Permit,0
2023-09-25,14,37,Orange Permit,14
2023-09-25,14,37,Orange Permit,5
2023-09-25,14,37,Purple Permit,2
2023-09-25,14,37,Pay-By-Space,7
2023-09-25,14,37,Gold Permit,7
2023-09-25,14,37,Gold Permit,0
2023-09-25,14,37,Gold Permit,0
2023-09-25,14,37,Orange Permit,14
2023-09-25,14,37,Orange Permit,5
2023-09-25,14,37,Purple Permit,2
2023-09-25,14,37,Pay-By-Space,7
2023-09-25,14,37,Gold Permit,7
2023-09-25,14,37,Gold Permit,0
2023-09-25,14,37,Gold Permit,0
2023-09-25,14,37,Orange Permit,14
2023-09-25,14,37,Orange Permit,5
2023-09-25,14,37,Purple Permit,2
2023-09-25,14,37,Pay-By-Space,7
2023-09-25,14,37,Gold Permit,7
2023-09-25,14,37,Gold Permit,0
2023-09-25,14,37,Gold Permit,0
2023-09-25,14,37,Orange Permit,14
2023-09-25,14,37,Orange Permit,5
2023-09-25,14,37,Purple Permit,2
2023-09-25,14,37,Pay-By-Space,7
2023-09-25,14,37,Gold Permit,7
2023-09-25,14,37,Gold Permit,0
2023-09-25,14,37,Gold Permit,0
2023-09-25,14,37,Orange Permit,14
2023-09-25,14,37,Orange Permit,5
2023-09-25,14,37,Purple Permit,2
2023-09-25,14,37,Pay-By-Space,7
2023-09-25,14,37,Gold Permit,7
2023-09-25,14,37,Gold Permit,0
2023-09-25,14,37,Gold Permit,0
2023-09-25,14,37,Orange Permit,14
2023-09-25,14,37,Orange Permit,5
2023-09-25,14,37,Purple Permit,2
2023-09-25,14,37,Pay-By-Space,7
2023-09-25,14,38,Gold Permit,7
2023-09-25,14,38,Gold Permit,0
2023-09-25,14,38,Gold Permit,0
2023-09-25,14,38,Orange Permit,14
2023-09-25,14,38,Orange Permit,5
2023-09-25,14,38,Purple Permit,2
2023-09-25,14,38,Pay-By-Space,7
2023-09-25,14,38,Gold Permit,7
2023-09-25,14,38,Gold Permit,0
2023-09-25,14,38,Gold Permit,0
2023-09-25,14,38,Orange Permit,14
2023-09-25,14,38,Orange Permit,5
2023-09-25,14,38,Purple Permit,2
2023-09-25,14,38,Pay-By-Space,7
2023-09-25,14,38,Gold Permit,7
2023-09-25,14,38,Gold Permit,0
2023-09-25,14,38,Gold Permit,0
2023-09-25,14,38,Orange Permit,14
2023-09-25,14,38,Orange Permit,5
2023-09-25,14,38,Purple Permit,2
2023-09-25,14,38,Pay-By-Space,7
2023-09-25,14,38,Gold Permit,7
2023-09-25,14,38,Gold Permit,0
2023-09-25,14,38,Gold Permit,0
2023-09-25,14,38,Orange Permit,14
2023-09-25,14,38,Orange Permit,5
2023-09-25,14,38,Purple Permit,2
2023-09-25,14,38,Pay-By-Space,7
2023-09-25,14,38,Gold Permit,7
2023-09-25,14,38,Gold Permit,0
2023-09-25,14,38,Gold Permit,0
2023-09-25,14,38,Orange Permit,14
2023-09-25,14,38,Orange Permit,5
2023-09-25,14,38,Purple Permit,2
2023-09-25,14,38,Pay-By-Space,7
2023-09-25,14,38,Gold Permit,7
2023-09-25,14,38,Gold Permit,0
2023-09-25,14,38,Gold Permit,0
2023-09-25,14,38,Orange Permit,14
2023-09-25,14,38,Orange Permit,5
2023-09-25,14,38,Purple Permit,2
2023-09-25,14,38,Pay-By-Space,7
2023-09-25,14,39,Gold Permit,7
2023-09-25,14,39,Gold Permit,0
2023-09-25,14,39,Gold Permit,0
2023-09-25,14,39,Orange Permit,14
2023-09-25,14,39,Orange Permit,5
2023-09-25,14,39,Purple Permit,2
2023-09-25,14,39,Pay-By-Space,7
2023-09-25,14,43,Gold Permit,10
2023-09-25,14,43,Gold Permit,0
2023-09-25,14,43,Gold Permit,0
2023-09-25,14,43,Orange Permit,14
2023-09-25,14,43,Orange Permit,6
2023-09-25,14,43,Purple Permit,3
2023-09-25,14,43,Pay-By-Space,8
2023-09-25,14,44,Gold Permit,10
2023-09-25,14,44,Gold Permit,0
2023-09-25,14,44,Gold Permit,0
2023-09-25,14,44,Orange Permit,15
2023-09-25,14,44,Orange Permit,6
2023-09-25,14,44,Purple Permit,3
2023-09-25,14,44,Pay-By-Space,8
2023-09-25,14,44,Gold Permit,10
2023-09-25,14,44,Gold Permit,0
2023-09-25,14,44,Gold Permit,0
2023-09-25,14,44,Orange Permit,15
2023-09-25,14,44,Orange Permit,6
2023-09-25,14,44,Purple Permit,3
2023-09-25,14,44,Pay-By-Space,8
2023-09-25,14,45,Gold Permit,10
2023-09-25,14,45,Gold Permit,0
2023-09-25,14,45,Gold Permit,0
2023-09-25,14,45,Orange Permit,15
2023-09-25,14,45,Orange Permit,6
2023-09-25,14,45,Purple Permit,3
2023-09-25,14,45,Pay-By-Space,8
2023-09-25,14,45,Gold Permit,10
2023-09-25,14,45,Gold Permit,0
2023-09-25,14,45,Gold Permit,0
2023-09-25,14,45,Orange Permit,15
2023-09-25,14,45,Orange Permit,6
2023-09-25,14,45,Purple Permit,3
2023-09-25,14,45,Pay-By-Space,8
2023-09-25,14,46,Gold Permit,10
2023-09-25,14,46,Gold Permit,0
2023-09-25,14,46,Gold Permit,0
2023-09-25,14,46,Orange Permit,15
2023-09-25,14,46,Orange Permit,6
2023-09-25,14,46,Purple Permit,3
2023-09-25,14,46,Pay-By-Space,8
2023-09-25,14,46,Gold Permit,10
2023-09-25,14,46,Gold Permit,0
2023-09-25,14,46,Gold Permit,0
2023-09-25,14,46,Orange Permit,15
2023-09-25,14,46,Orange Permit,6
2023-09-25,14,46,Purple Permit,3
2023-09-25,14,46,Pay-By-Space,8
2023-09-25,14,47,Gold Permit,10
2023-09-25,14,47,Gold Permit,0
2023-09-25,14,47,Gold Permit,0
2023-09-25,14,47,Orange Permit,15
2023-09-25,14,47,Orange Permit,6
2023-09-25,14,47,Purple Permit,3
2023-09-25,14,47,Pay-By-Space,8
2023-09-25,14,47,Gold Permit,10
2023-09-25,14,47,Gold Permit,0
2023-09-25,14,47,Gold Permit,0
2023-09-25,14,47,Orange Permit,15
2023-09-25,14,47,Orange Permit,6
2023-09-25,14,47,Purple Permit,3
2023-09-25,14,47,Pay-By-Space,8
2023-09-25,14,48,Gold Permit,10
2023-09-25,14,48,Gold Permit,0
2023-09-25,14,48,Gold Permit,0
2023-09-25,14,48,Orange Permit,15
2023-09-25,14,48,Orange Permit,6
2023-09-25,14,48,Purple Permit,3
2023-09-25,14,48,Pay-By-Space,8
2023-09-25,14,55,Gold Permit,10
2023-09-25,14,55,Gold Permit,0
2023-09-25,14,55,Gold Permit,0
2023-09-25,14,55,Orange Permit,15
2023-09-25,14,55,Orange Permit,6
2023-09-25,14,55,Purple Permit,3
2023-09-25,14,55,Pay-By-Space,8
2023-09-25,14,55,Gold Permit,10
2023-09-25,14,55,Gold Permit,0
2023-09-25,14,55,Gold Permit,0
2023-09-25,14,55,Orange Permit,15
2023-09-25,14,55,Orange Permit,6
2023-09-25,14,55,Purple Permit,3
2023-09-25,14,55,Pay-By-Space,8
2023-09-25,14,56,Gold Permit,10
2023-09-25,14,56,Gold Permit,0
2023-09-25,14,56,Gold Permit,0
2023-09-25,14,56,Orange Permit,15
2023-09-25,14,56,Orange Permit,6
2023-09-25,14,56,Purple Permit,3
2023-09-25,14,56,Pay-By-Space,8
2023-09-25,14,56,Gold Permit,10
2023-09-25,14,56,Gold Permit,0
2023-09-25,14,56,Gold Permit,0
2023-09-25,14,56,Orange Permit,15
2023-09-25,14,56,Orange Permit,6
2023-09-25,14,56,Purple Permit,3
2023-09-25,14,56,Pay-By-Space,8
2023-09-25,14,57,Gold Permit,10
2023-09-25,14,57,Gold Permit,0
2023-09-25,14,57,Gold Permit,0
2023-09-25,14,57,Orange Permit,15
2023-09-25,14,57,Orange Permit,6
2023-09-25,14,57,Purple Permit,3
2023-09-25,14,57,Pay-By-Space,8
2023-09-25,14,57,Gold Permit,10
2023-09-25,14,57,Gold Permit,0
2023-09-25,14,57,Gold Permit,0
2023-09-25,14,57,Orange Permit,15
2023-09-25,14,57,Orange Permit,6
2023-09-25,14,57,Purple Permit,3
2023-09-25,14,57,Pay-By-Space,8
2023-09-25,14,58,Gold Permit,10
2023-09-25,14,58,Gold Permit,0
2023-09-25,14,58,Gold Permit,0
2023-09-25,14,58,Orange Permit,15
2023-09-25,14,58,Orange Permit,6
2023-09-25,14,58,Purple Permit,3
2023-09-25,14,58,Pay-By-Space,8
2023-09-25,14,58,Gold Permit,10
2023-09-25,14,58,Gold Permit,0
2023-09-25,14,58,Gold Permit,0
2023-09-25,14,58,Orange Permit,15
2023-09-25,14,58,Orange Permit,6
2023-09-25,14,58,Purple Permit,3
2023-09-25,14,58,Pay-By-Space,8
2023-09-25,14,59,Gold Permit,10
2023-09-25,14,59,Gold Permit,0
2023-09-25,14,59,Gold Permit,0
2023-09-25,14,59,Orange Permit,15
2023-09-25,14,59,Orange Permit,6
2023-09-25,14,59,Purple Permit,3
2023-09-25,14,59,Pay-By-Space,8
2023-09-25,14,59,Gold Permit,10
2023-09-25,14,59,Gold Permit,0
2023-09-25,14,59,Gold Permit,0
2023-09-25,14,59,Orange Permit,15
2023-09-25,14,59,Orange Permit,6
2023-09-25,14,59,Purple Permit,3
2023-09-25,14,59,Pay-By-Space,8
2023-09-25,15,0,Gold Permit,10
2023-09-25,15,0,Gold Permit,0
2023-09-25,15,0,Gold Permit,0
2023-09-25,15,0,Orange Permit,15
2023-09-25,15,0,Orange Permit,6
2023-09-25,15,0,Purple Permit,3
2023-09-25,15,0,Pay-By-Space,8
2023-09-25,15,0,Gold Permit,10
2023-09-25,15,0,Gold Permit,0
2023-09-25,15,0,Gold Permit,0
2023-09-25,15,0,Orange Permit,15
2023-09-25,15,0,Orange Permit,6
2023-09-25,15,0,Purple Permit,3
2023-09-25,15,0,Pay-By-Space,8
2023-09-25,15,1,Gold Permit,10
2023-09-25,15,1,Gold Permit,0
2023-09-25,15,1,Gold Permit,0
2023-09-25,15,1,Orange Permit,15
2023-09-25,15,1,Orange Permit,6
2023-09-25,15,1,Purple Permit,3
2023-09-25,15,1,Pay-By-Space,8
2023-09-25,15,1,Gold Permit,10
2023-09-25,15,1,Gold Permit,0
2023-09-25,15,1,Gold Permit,0
2023-09-25,15,1,Orange Permit,15
2023-09-25,15,1,Orange Permit,6
2023-09-25,15,1,Purple Permit,3
2023-09-25,15,1,Pay-By-Space,8
2023-09-25,15,2,Gold Permit,10
2023-09-25,15,2,Gold Permit,0
2023-09-25,15,2,Gold Permit,0
2023-09-25,15,2,Orange Permit,15
2023-09-25,15,2,Orange Permit,6
2023-09-25,15,2,Purple Permit,3
2023-09-25,15,2,Pay-By-Space,8
2023-09-25,15,2,Gold Permit,10
2023-09-25,15,2,Gold Permit,0
2023-09-25,15,2,Gold Permit,0
2023-09-25,15,2,Orange Permit,15
2023-09-25,15,2,Orange Permit,6
2023-09-25,15,2,Purple Permit,3
2023-09-25,15,2,Pay-By-Space,8
2023-09-25,15,3,Gold Permit,10
2023-09-25,15,3,Gold Permit,0
2023-09-25,15,3,Gold Permit,0
2023-09-25,15,3,Orange Permit,15
2023-09-25,15,3,Orange Permit,6
2023-09-25,15,3,Purple Permit,3
2023-09-25,15,3,Pay-By-Space,8
2023-09-25,15,3,Gold Permit,10
2023-09-25,15,3,Gold Permit,0
2023-09-25,15,3,Gold Permit,0
2023-09-25,15,3,Orange Permit,15
2023-09-25,15,3,Orange Permit,6
2023-09-25,15,3,Purple Permit,3
2023-09-25,15,3,Pay-By-Space,8
2023-09-25,15,32,Gold Permit,25
2023-09-25,15,32,Gold Permit,2
2023-09-25,15,32,Gold Permit,0
2023-09-25,15,32,Orange Permit,44
2023-09-25,15,32,Orange Permit,10
2023-09-25,15,32,Purple Permit,4
2023-09-25,15,32,Pay-By-Space,13
2023-09-25,15,32,Gold Permit,25
2023-09-25,15,32,Gold Permit,2
2023-09-25,15,32,Gold Permit,0
2023-09-25,15,32,Orange Permit,44
2023-09-25,15,32,Orange Permit,10
2023-09-25,15,32,Purple Permit,4
2023-09-25,15,32,Pay-By-Space,13
2023-09-25,15,37,Gold Permit,26
2023-09-25,15,37,Gold Permit,4
2023-09-25,15,37,Gold Permit,0
2023-09-25,15,37,Orange Permit,44
2023-09-25,15,37,Orange Permit,12
2023-09-25,15,37,Purple Permit,7
2023-09-25,15,37,Pay-By-Space,12
2023-10-02,0,7,Gold Permit,165
2023-10-02,0,7,Gold Permit,168
2023-10-02,0,7,Gold Permit,6
2023-10-02,0,7,Orange Permit,158
2023-10-02,0,7,Orange Permit,109
2023-10-02,0,7,Purple Permit,36
2023-10-02,0,7,Pay-By-Space,40
2023-10-02,0,24,Gold Permit,165
2023-10-02,0,24,Gold Permit,168
2023-10-02,0,24,Gold Permit,6
2023-10-02,0,24,Orange Permit,158
2023-10-02,0,24,Orange Permit,109
2023-10-02,0,24,Purple Permit,36
2023-10-02,0,24,Pay-By-Space,40
2023-10-02,0,32,Gold Permit,165
2023-10-02,0,32,Gold Permit,168
2023-10-02,0,32,Gold Permit,6
2023-10-02,0,32,Orange Permit,158
2023-10-02,0,32,Orange Permit,109
2023-10-02,0,32,Purple Permit,36
2023-10-02,0,32,Pay-By-Space,40
2023-10-02,0,47,Gold Permit,165
2023-10-02,0,47,Gold Permit,168
2023-10-02,0,47,Gold Permit,6
2023-10-02,0,47,Orange Permit,158
2023-10-02,0,47,Orange Permit,110
2023-10-02,0,47,Purple Permit,36
2023-10-02,0,47,Pay-By-Space,40
2023-10-02,1,10,Gold Permit,165
2023-10-02,1,10,Gold Permit,168
2023-10-02,1,10,Gold Permit,6
2023-10-02,1,10,Orange Permit,158
2023-10-02,1,10,Orange Permit,110
2023-10-02,1,10,Purple Permit,36
2023-10-02,1,10,Pay-By-Space,40
2023-10-02,1,27,Gold Permit,165
2023-10-02,1,27,Gold Permit,168
2023-10-02,1,27,Gold Permit,6
2023-10-02,1,27,Orange Permit,158
2023-10-02,1,27,Orange Permit,110
2023-10-02,1,27,Purple Permit,36
2023-10-02,1,27,Pay-By-Space,40
2023-10-02,1,36,Gold Permit,165
2023-10-02,1,36,Gold Permit,168
2023-10-02,1,36,Gold Permit,6
2023-10-02,1,36,Orange Permit,158
2023-10-02,1,36,Orange Permit,109
2023-10-02,1,36,Purple Permit,36
2023-10-02,1,36,Pay-By-Space,40
2023-10-02,1,46,Gold Permit,165
2023-10-02,1,46,Gold Permit,168
2023-10-02,1,46,Gold Permit,6
2023-10-02,1,46,Orange Permit,158
2023-10-02,1,46,Orange Permit,108
2023-10-02,1,46,Purple Permit,36
2023-10-02,1,46,Pay-By-Space,40
2023-10-02,2,7,Gold Permit,165
2023-10-02,2,7,Gold Permit,168
2023-10-02,2,7,Gold Permit,6
2023-10-02,2,7,Orange Permit,158
2023-10-02,2,7,Orange Permit,108
2023-10-02,2,7,Purple Permit,36
2023-10-02,2,7,Pay-By-Space,40
2023-10-02,2,19,Gold Permit,165
2023-10-02,2,19,Gold Permit,168
2023-10-02,2,19,Gold Permit,6
2023-10-02,2,19,Orange Permit,158
2023-10-02,2,19,Orange Permit,109
2023-10-02,2,19,Purple Permit,36
2023-10-02,2,19,Pay-By-Space,40
2023-10-02,2,32,Gold Permit,165
2023-10-02,2,32,Gold Permit,168
2023-10-02,2,32,Gold Permit,6
2023-10-02,2,32,Orange Permit,158
2023-10-02,2,32,Orange Permit,109
2023-10-02,2,32,Purple Permit,36
2023-10-02,2,32,Pay-By-Space,40
2023-10-02,2,47,Gold Permit,165
2023-10-02,2,47,Gold Permit,168
2023-10-02,2,47,Gold Permit,6
2023-10-02,2,47,Orange Permit,158
2023-10-02,2,47,Orange Permit,109
2023-10-02,2,47,Purple Permit,36
2023-10-02,2,47,Pay-By-Space,40
2023-10-02,3,10,Gold Permit,165
2023-10-02,3,10,Gold Permit,168
2023-10-02,3,10,Gold Permit,6
2023-10-02,3,10,Orange Permit,158
2023-10-02,3,10,Orange Permit,109
2023-10-02,3,10,Purple Permit,36
2023-10-02,3,10,Pay-By-Space,40
2023-10-02,3,26,Gold Permit,165
2023-10-02,3,26,Gold Permit,168
2023-10-02,3,26,Gold Permit,6
2023-10-02,3,26,Orange Permit,158
2023-10-02,3,26,Orange Permit,109
2023-10-02,3,26,Purple Permit,36
2023-10-02,3,26,Pay-By-Space,40
2023-10-02,3,35,Gold Permit,165
2023-10-02,3,35,Gold Permit,168
2023-10-02,3,35,Gold Permit,6
2023-10-02,3,35,Orange Permit,158
2023-10-02,3,35,Orange Permit,109
2023-10-02,3,35,Purple Permit,36
2023-10-02,3,35,Pay-By-Space,40
2023-10-02,3,47,Gold Permit,165
2023-10-02,3,47,Gold Permit,168
2023-10-02,3,47,Gold Permit,6
2023-10-02,3,47,Orange Permit,158
2023-10-02,3,47,Orange Permit,109
2023-10-02,3,47,Purple Permit,36
2023-10-02,3,47,Pay-By-Space,40
2023-10-02,4,8,Gold Permit,165
2023-10-02,4,8,Gold Permit,168
2023-10-02,4,8,Gold Permit,6
2023-10-02,4,8,Orange Permit,158
2023-10-02,4,8,Orange Permit,109
2023-10-02,4,8,Purple Permit,36
2023-10-02,4,8,Pay-By-Space,40
2023-10-02,4,22,Gold Permit,165
2023-10-02,4,22,Gold Permit,168
2023-10-02,4,22,Gold Permit,6
2023-10-02,4,22,Orange Permit,158
2023-10-02,4,22,Orange Permit,109
2023-10-02,4,22,Purple Permit,36
2023-10-02,4,22,Pay-By-Space,40
2023-10-02,4,32,Gold Permit,165
2023-10-02,4,32,Gold Permit,167
2023-10-02,4,32,Gold Permit,6
2023-10-02,4,32,Orange Permit,158
2023-10-02,4,32,Orange Permit,108
2023-10-02,4,32,Purple Permit,36
2023-10-02,4,32,Pay-By-Space,40
2023-10-02,4,47,Gold Permit,165
2023-10-02,4,47,Gold Permit,167
2023-10-02,4,47,Gold Permit,6
2023-10-02,4,47,Orange Permit,158
2023-10-02,4,47,Orange Permit,109
2023-10-02,4,47,Purple Permit,36
2023-10-02,4,47,Pay-By-Space,40
2023-10-02,5,8,Gold Permit,165
2023-10-02,5,8,Gold Permit,167
2023-10-02,5,8,Gold Permit,6
2023-10-02,5,8,Orange Permit,158
2023-10-02,5,8,Orange Permit,109
2023-10-02,5,8,Purple Permit,36
2023-10-02,5,8,Pay-By-Space,40
2023-10-02,5,27,Gold Permit,165
2023-10-02,5,27,Gold Permit,166
2023-10-02,5,27,Gold Permit,6
2023-10-02,5,27,Orange Permit,158
2023-10-02,5,27,Orange Permit,109
2023-10-02,5,27,Purple Permit,36
2023-10-02,5,27,Pay-By-Space,41
2023-10-02,5,35,Gold Permit,165
2023-10-02,5,35,Gold Permit,166
2023-10-02,5,35,Gold Permit,6
2023-10-02,5,35,Orange Permit,158
2023-10-02,5,35,Orange Permit,109
2023-10-02,5,35,Purple Permit,36
2023-10-02,5,35,Pay-By-Space,41
2023-10-02,5,47,Gold Permit,165
2023-10-02,5,47,Gold Permit,166
2023-10-02,5,47,Gold Permit,5
2023-10-02,5,47,Orange Permit,158
2023-10-02,5,47,Orange Permit,109
2023-10-02,5,47,Purple Permit,36
2023-10-02,5,47,Pay-By-Space,41
2023-10-02,6,6,Gold Permit,165
2023-10-02,6,6,Gold Permit,165
2023-10-02,6,6,Gold Permit,5
2023-10-02,6,6,Orange Permit,158
2023-10-02,6,6,Orange Permit,108
2023-10-02,6,6,Purple Permit,36
2023-10-02,6,6,Pay-By-Space,41
2023-10-02,6,18,Gold Permit,164
2023-10-02,6,18,Gold Permit,165
2023-10-02,6,18,Gold Permit,4
2023-10-02,6,18,Orange Permit,158
2023-10-02,6,18,Orange Permit,108
2023-10-02,6,18,Purple Permit,36
2023-10-02,6,18,Pay-By-Space,41
2023-10-02,6,32,Gold Permit,164
2023-10-02,6,32,Gold Permit,164
2023-10-02,6,32,Gold Permit,3
2023-10-02,6,32,Orange Permit,158
2023-10-02,6,32,Orange Permit,108
2023-10-02,6,32,Purple Permit,36
2023-10-02,6,32,Pay-By-Space,41
2023-10-02,6,46,Gold Permit,164
2023-10-02,6,46,Gold Permit,163
2023-10-02,6,46,Gold Permit,3
2023-10-02,6,46,Orange Permit,158
2023-10-02,6,46,Orange Permit,108
2023-10-02,6,46,Purple Permit,36
2023-10-02,6,46,Pay-By-Space,41
2023-10-02,7,13,Gold Permit,163
2023-10-02,7,13,Gold Permit,160
2023-10-02,7,13,Gold Permit,3
2023-10-02,7,13,Orange Permit,157
2023-10-02,7,13,Orange Permit,103
2023-10-02,7,13,Purple Permit,36
2023-10-02,7,13,Pay-By-Space,41
2023-10-02,7,42,Gold Permit,163
2023-10-02,7,42,Gold Permit,149
2023-10-02,7,42,Gold Permit,0
2023-10-02,7,42,Orange Permit,156
2023-10-02,7,42,Orange Permit,92
2023-10-02,7,42,Purple Permit,33
2023-10-02,7,43,Pay-By-Space,41
2023-10-02,7,58,Gold Permit,163
2023-10-02,7,58,Gold Permit,133
2023-10-02,7,58,Gold Permit,0
2023-10-02,7,58,Orange Permit,156
2023-10-02,7,58,Orange Permit,75
2023-10-02,7,58,Purple Permit,30
2023-10-02,7,58,Pay-By-Space,40
2023-10-02,8,16,Gold Permit,164
2023-10-02,8,16,Gold Permit,100
2023-10-02,8,16,Gold Permit,0
2023-10-02,8,16,Orange Permit,152
2023-10-02,8,16,Orange Permit,60
2023-10-02,8,16,Purple Permit,27
2023-10-02,8,16,Pay-By-Space,38
2023-10-02,8,32,Gold Permit,164
2023-10-02,8,32,Gold Permit,56
2023-10-02,8,32,Gold Permit,0
2023-10-02,8,32,Orange Permit,150
2023-10-02,8,32,Orange Permit,30
2023-10-02,8,32,Purple Permit,23
2023-10-02,8,32,Pay-By-Space,32
2023-10-02,8,47,Gold Permit,163
2023-10-02,8,47,Gold Permit,18
2023-10-02,8,47,Gold Permit,0
2023-10-02,8,47,Orange Permit,148
2023-10-02,8,47,Orange Permit,18
2023-10-02,8,47,Purple Permit,17
2023-10-02,8,47,Pay-By-Space,30
2023-10-02,9,7,Gold Permit,141
2023-10-02,9,7,Gold Permit,0
2023-10-02,9,7,Gold Permit,0
2023-10-02,9,7,Orange Permit,140
2023-10-02,9,7,Orange Permit,5
2023-10-02,9,7,Purple Permit,12
2023-10-02,9,7,Pay-By-Space,26
2023-10-02,9,25,Gold Permit,115
2023-10-02,9,25,Gold Permit,0
2023-10-02,9,25,Gold Permit,0
2023-10-02,9,25,Orange Permit,121
2023-10-02,9,25,Orange Permit,1
2023-10-02,9,25,Purple Permit,11
2023-10-02,9,25,Pay-By-Space,23
2023-10-02,9,33,Gold Permit,105
2023-10-02,9,33,Gold Permit,0
2023-10-02,9,33,Gold Permit,0
2023-10-02,9,33,Orange Permit,113
2023-10-02,9,33,Orange Permit,2
2023-10-02,9,33,Purple Permit,11
2023-10-02,9,33,Pay-By-Space,23
2023-10-02,9,47,Gold Permit,84
2023-10-02,9,47,Gold Permit,0
2023-10-02,9,47,Gold Permit,0
2023-10-02,9,47,Orange Permit,89
2023-10-02,9,47,Orange Permit,3
2023-10-02,9,47,Purple Permit,12
2023-10-02,9,47,Pay-By-Space,18
2023-10-02,10,7,Gold Permit,55
2023-10-02,10,7,Gold Permit,0
2023-10-02,10,7,Gold Permit,0
2023-10-02,10,7,Orange Permit,61
2023-10-02,10,7,Orange Permit,0
2023-10-02,10,7,Purple Permit,5
2023-10-02,10,7,Pay-By-Space,12
2023-10-02,10,23,Gold Permit,52
2023-10-02,10,23,Gold Permit,0
2023-10-02,10,23,Gold Permit,0
2023-10-02,10,23,Orange Permit,52
2023-10-02,10,23,Orange Permit,2
2023-10-02,10,23,Purple Permit,6
2023-10-02,10,23,Pay-By-Space,8
2023-10-02,10,32,Gold Permit,50
2023-10-02,10,32,Gold Permit,0
2023-10-02,10,32,Gold Permit,0
2023-10-02,10,32,Orange Permit,50
2023-10-02,10,32,Orange Permit,3
2023-10-02,10,32,Purple Permit,6
2023-10-02,10,32,Pay-By-Space,8
2023-10-02,10,47,Gold Permit,31
2023-10-02,10,47,Gold Permit,0
2023-10-02,10,47,Gold Permit,0
2023-10-02,10,47,Orange Permit,42
2023-10-02,10,47,Orange Permit,2
2023-10-02,10,47,Purple Permit,5
2023-10-02,10,47,Pay-By-Space,6
2023-10-02,11,9,Gold Permit,14
2023-10-02,11,9,Gold Permit,0
2023-10-02,11,9,Gold Permit,0
2023-10-02,11,9,Orange Permit,17
2023-10-02,11,9,Orange Permit,4
2023-10-02,11,9,Purple Permit,3
2023-10-02,11,9,Pay-By-Space,5
2023-10-02,11,28,Gold Permit,11
2023-10-02,11,28,Gold Permit,0
2023-10-02,11,28,Gold Permit,0
2023-10-02,11,28,Orange Permit,3
2023-10-02,11,28,Orange Permit,1
2023-10-02,11,28,Purple Permit,3
2023-10-02,11,28,Pay-By-Space,5
2023-10-02,11,37,Gold Permit,12
2023-10-02,11,37,Gold Permit,2
2023-10-02,11,37,Gold Permit,0
2023-10-02,11,37,Orange Permit,2
2023-10-02,11,37,Orange Permit,1
2023-10-02,11,37,Purple Permit,0
2023-10-02,11,37,Pay-By-Space,3
2023-10-02,11,47,Gold Permit,9
2023-10-02,11,47,Gold Permit,1
2023-10-02,11,47,Gold Permit,0
2023-10-02,11,47,Orange Permit,1
2023-10-02,11,47,Orange Permit,2
2023-10-02,11,47,Purple Permit,0
2023-10-02,11,47,Pay-By-Space,3
2023-10-02,12,6,Gold Permit,1
2023-10-02,12,6,Gold Permit,2
2023-10-02,12,6,Gold Permit,0
2023-10-02,12,6,Orange Permit,0
2023-10-02,12,6,Orange Permit,0
2023-10-02,12,6,Purple Permit,1
2023-10-02,12,6,Pay-By-Space,5
2023-10-02,12,23,Gold Permit,0
2023-10-02,12,23,Gold Permit,5
2023-10-02,12,23,Gold Permit,0
2023-10-02,12,23,Orange Permit,0
2023-10-02,12,23,Orange Permit,3
2023-10-02,12,23,Purple Permit,0
2023-10-02,12,23,Pay-By-Space,10
2023-10-02,12,32,Gold Permit,0
2023-10-02,12,32,Gold Permit,4
2023-10-02,12,32,Gold Permit,0
2023-10-02,12,32,Orange Permit,0
2023-10-02,12,32,Orange Permit,1
2023-10-02,12,32,Purple Permit,1
2023-10-02,12,32,Pay-By-Space,10
2023-10-02,12,47,Gold Permit,0
2023-10-02,12,47,Gold Permit,1
2023-10-02,12,47,Gold Permit,0
2023-10-02,12,47,Orange Permit,0
2023-10-02,12,47,Orange Permit,2
2023-10-02,12,47,Purple Permit,2
2023-10-02,12,47,Pay-By-Space,8
2023-10-02,13,9,Gold Permit,0
2023-10-02,13,9,Gold Permit,1
2023-10-02,13,9,Gold Permit,0
2023-10-02,13,9,Orange Permit,3
2023-10-02,13,9,Orange Permit,2
2023-10-02,13,9,Purple Permit,1
2023-10-02,13,9,Pay-By-Space,16
2023-10-02,13,27,Gold Permit,0
2023-10-02,13,27,Gold Permit,4
2023-10-02,13,27,Gold Permit,0
2023-10-02,13,27,Orange Permit,4
2023-10-02,13,27,Orange Permit,2
2023-10-02,13,27,Purple Permit,0
2023-10-02,13,27,Pay-By-Space,11
2023-10-02,13,36,Gold Permit,0
2023-10-02,13,36,Gold Permit,1
2023-10-02,13,36,Gold Permit,0
2023-10-02,13,36,Orange Permit,2
2023-10-02,13,36,Orange Permit,0
2023-10-02,13,36,Purple Permit,0
2023-10-02,13,36,Pay-By-Space,11
2023-10-02,13,47,Gold Permit,0
2023-10-02,13,47,Gold Permit,0
2023-10-02,13,47,Gold Permit,0
2023-10-02,13,47,Orange Permit,0
2023-10-02,13,47,Orange Permit,0
2023-10-02,13,47,Purple Permit,0
2023-10-02,13,47,Pay-By-Space,7
2023-10-02,14,5,Gold Permit,0
2023-10-02,14,5,Gold Permit,1
2023-10-02,14,5,Gold Permit,0
2023-10-02,14,5,Orange Permit,0
2023-10-02,14,5,Orange Permit,1
2023-10-02,14,5,Purple Permit,0
2023-10-02,14,5,Pay-By-Space,3
2023-10-02,14,17,Gold Permit,0
2023-10-02,14,17,Gold Permit,0
2023-10-02,14,17,Gold Permit,0
2023-10-02,14,17,Orange Permit,0
2023-10-02,14,17,Orange Permit,0
2023-10-02,14,17,Purple Permit,0
2023-10-02,14,17,Pay-By-Space,5
2023-10-02,14,32,Gold Permit,0
2023-10-02,14,32,Gold Permit,0
2023-10-02,14,32,Gold Permit,0
2023-10-02,14,32,Orange Permit,0
2023-10-02,14,32,Orange Permit,0
2023-10-02,14,32,Purple Permit,0
2023-10-02,14,32,Pay-By-Space,8
2023-10-02,14,47,Gold Permit,0
2023-10-02,14,47,Gold Permit,0
2023-10-02,14,47,Gold Permit,0
2023-10-02,14,47,Orange Permit,0
2023-10-02,14,47,Orange Permit,0
2023-10-02,14,47,Purple Permit,0
2023-10-02,14,47,Pay-By-Space,11
2023-10-02,15,7,Gold Permit,2
2023-10-02,15,7,Gold Permit,4
2023-10-02,15,7,Gold Permit,0
2023-10-02,15,7,Orange Permit,10
2023-10-02,15,7,Orange Permit,0
2023-10-02,15,7,Purple Permit,0
2023-10-02,15,7,Pay-By-Space,12
2023-10-02,15,22,Gold Permit,4
2023-10-02,15,22,Gold Permit,2
2023-10-02,15,22,Gold Permit,0
2023-10-02,15,22,Orange Permit,20
2023-10-02,15,22,Orange Permit,1
2023-10-02,15,22,Purple Permit,0
2023-10-02,15,22,Pay-By-Space,15
2023-10-02,15,32,Gold Permit,9
2023-10-02,15,32,Gold Permit,1
2023-10-02,15,32,Gold Permit,0
2023-10-02,15,32,Orange Permit,20
2023-10-02,15,32,Orange Permit,2
2023-10-02,15,32,Purple Permit,1
2023-10-02,15,32,Pay-By-Space,17
2023-10-02,15,47,Gold Permit,15
2023-10-02,15,47,Gold Permit,1
2023-10-02,15,47,Gold Permit,0
2023-10-02,15,47,Orange Permit,31
2023-10-02,15,47,Orange Permit,1
2023-10-02,15,47,Purple Permit,2
2023-10-02,15,47,Pay-By-Space,15
2023-10-02,16,6,Gold Permit,29
2023-10-02,16,6,Gold Permit,13
2023-10-02,16,6,Gold Permit,0
2023-10-02,16,6,Orange Permit,52
2023-10-02,16,6,Orange Permit,10
2023-10-02,16,6,Purple Permit,4
2023-10-02,16,6,Pay-By-Space,17
2023-10-02,16,19,Gold Permit,34
2023-10-02,16,19,Gold Permit,20
2023-10-02,16,19,Gold Permit,0
2023-10-02,16,19,Orange Permit,55
2023-10-02,16,19,Orange Permit,13
2023-10-02,16,19,Purple Permit,7
2023-10-02,16,19,Pay-By-Space,18
2023-10-02,16,32,Gold Permit,40
2023-10-02,16,32,Gold Permit,25
2023-10-02,16,32,Gold Permit,0
2023-10-02,16,32,Orange Permit,63
2023-10-02,16,32,Orange Permit,18
2023-10-02,16,32,Purple Permit,10
2023-10-02,16,32,Pay-By-Space,18
2023-10-02,16,47,Gold Permit,44
2023-10-02,16,47,Gold Permit,29
2023-10-02,16,47,Gold Permit,0
2023-10-02,16,47,Orange Permit,70
2023-10-02,16,47,Orange Permit,19
2023-10-02,16,47,Purple Permit,11
2023-10-02,16,47,Pay-By-Space,15
2023-10-02,17,6,Gold Permit,55
2023-10-02,17,6,Gold Permit,46
2023-10-02,17,6,Gold Permit,0
2023-10-02,17,6,Orange Permit,82
2023-10-02,17,6,Orange Permit,26
2023-10-02,17,6,Purple Permit,14
2023-10-02,17,6,Pay-By-Space,23
2023-10-02,17,24,Gold Permit,66
2023-10-02,17,24,Gold Permit,50
2023-10-02,17,24,Gold Permit,0
2023-10-02,17,24,Orange Permit,93
2023-10-02,17,24,Orange Permit,38
2023-10-02,17,24,Purple Permit,16
2023-10-02,17,24,Pay-By-Space,23
2023-10-02,17,32,Gold Permit,75
2023-10-02,17,32,Gold Permit,54
2023-10-02,17,32,Gold Permit,0
2023-10-02,17,32,Orange Permit,97
2023-10-02,17,32,Orange Permit,41
2023-10-02,17,32,Purple Permit,19
2023-10-02,17,32,Pay-By-Space,20
2023-10-02,17,47,Gold Permit,78
2023-10-02,17,47,Gold Permit,58
2023-10-02,17,47,Gold Permit,0
2023-10-02,17,47,Orange Permit,100
2023-10-02,17,47,Orange Permit,42
2023-10-02,17,47,Purple Permit,20
2023-10-02,17,47,Pay-By-Space,19
2023-10-02,18,7,Gold Permit,92
2023-10-02,18,7,Gold Permit,67
2023-10-02,18,7,Gold Permit,0
2023-10-02,18,7,Orange Permit,106
2023-10-02,18,7,Orange Permit,46
2023-10-02,18,7,Purple Permit,23
2023-10-02,18,7,Pay-By-Space,20
2023-10-02,18,20,Gold Permit,98
2023-10-02,18,20,Gold Permit,72
2023-10-02,18,20,Gold Permit,0
2023-10-02,18,20,Orange Permit,107
2023-10-02,18,20,Orange Permit,45
2023-10-02,18,20,Purple Permit,25
2023-10-02,18,20,Pay-By-Space,21
2023-10-02,18,32,Gold Permit,100
2023-10-02,18,32,Gold Permit,75
2023-10-02,18,32,Gold Permit,0
2023-10-02,18,32,Orange Permit,111
2023-10-02,18,32,Orange Permit,55
2023-10-02,18,32,Purple Permit,25
2023-10-02,18,32,Pay-By-Space,24
2023-10-02,18,46,Gold Permit,103
2023-10-02,18,46,Gold Permit,76
2023-10-02,18,46,Gold Permit,0
2023-10-02,18,46,Orange Permit,114
2023-10-02,18,46,Orange Permit,57
2023-10-02,18,46,Purple Permit,24
2023-10-02,18,46,Pay-By-Space,21
2023-10-02,19,34,Gold Permit,130
2023-10-02,19,34,Gold Permit,116
2023-10-02,19,34,Gold Permit,0
2023-10-02,19,34,Orange Permit,134
2023-10-02,19,34,Orange Permit,77
2023-10-02,19,34,Purple Permit,29
2023-10-02,19,34,Pay-By-Space,27
2023-10-02,20,37,Gold Permit,142
2023-10-02,20,37,Gold Permit,125
2023-10-02,20,37,Gold Permit,0
2023-10-02,20,37,Orange Permit,143
2023-10-02,20,37,Orange Permit,84
2023-10-02,20,37,Purple Permit,30
2023-10-02,20,37,Pay-By-Space,27
2023-10-02,21,7,Gold Permit,144
2023-10-02,21,7,Gold Permit,129
2023-10-02,21,7,Gold Permit,0
2023-10-02,21,7,Orange Permit,148
2023-10-02,21,7,Orange Permit,86
2023-10-02,21,7,Purple Permit,30
2023-10-02,21,7,Pay-By-Space,30
2023-10-02,21,27,Gold Permit,144
2023-10-02,21,27,Gold Permit,139
2023-10-02,21,27,Gold Permit,1
2023-10-02,21,27,Orange Permit,150
2023-10-02,21,27,Orange Permit,88
2023-10-02,21,27,Purple Permit,31
2023-10-02,21,27,Pay-By-Space,32
2023-10-02,21,35,Gold Permit,145
2023-10-02,21,35,Gold Permit,141
2023-10-02,21,35,Gold Permit,1
2023-10-02,21,35,Orange Permit,153
2023-10-02,21,35,Orange Permit,89
2023-10-02,21,35,Purple Permit,31
2023-10-02,21,35,Pay-By-Space,32
2023-10-02,21,46,Gold Permit,149
2023-10-02,21,46,Gold Permit,150
2023-10-02,21,46,Gold Permit,4
2023-10-02,21,46,Orange Permit,153
2023-10-02,21,46,Orange Permit,95
2023-10-02,21,46,Purple Permit,31
2023-10-02,21,46,Pay-By-Space,35
2023-10-02,22,7,Gold Permit,152
2023-10-02,22,7,Gold Permit,160
2023-10-02,22,7,Gold Permit,5
2023-10-02,22,7,Orange Permit,153
2023-10-02,22,7,Orange Permit,102
2023-10-02,22,7,Purple Permit,32
2023-10-02,22,7,Pay-By-Space,39
2023-10-02,22,21,Gold Permit,157
2023-10-02,22,21,Gold Permit,162
2023-10-02,22,21,Gold Permit,5
2023-10-02,22,21,Orange Permit,155
2023-10-02,22,21,Orange Permit,104
2023-10-02,22,21,Purple Permit,33
2023-10-02,22,21,Pay-By-Space,39
2023-10-02,22,32,Gold Permit,158
2023-10-02,22,32,Gold Permit,164
2023-10-02,22,32,Gold Permit,5
2023-10-02,22,32,Orange Permit,156
2023-10-02,22,32,Orange Permit,105
2023-10-02,22,32,Purple Permit,34
2023-10-02,22,32,Pay-By-Space,39
2023-10-02,22,47,Gold Permit,159
2023-10-02,22,47,Gold Permit,165
2023-10-02,22,47,Gold Permit,5
2023-10-02,22,47,Orange Permit,156
2023-10-02,22,47,Orange Permit,105
2023-10-02,22,47,Purple Permit,34
2023-10-02,22,47,Pay-By-Space,39
2023-10-02,23,8,Gold Permit,159
2023-10-02,23,8,Gold Permit,165
2023-10-02,23,8,Gold Permit,6
2023-10-02,23,8,Orange Permit,157
2023-10-02,23,8,Orange Permit,107
2023-10-02,23,8,Purple Permit,34
2023-10-02,23,8,Pay-By-Space,39
2023-10-02,23,25,Gold Permit,160
2023-10-02,23,25,Gold Permit,164
2023-10-02,23,25,Gold Permit,6
2023-10-02,23,25,Orange Permit,157
2023-10-02,23,25,Orange Permit,108
2023-10-02,23,25,Purple Permit,34
2023-10-02,23,25,Pay-By-Space,37
2023-10-02,23,33,Gold Permit,160
2023-10-02,23,33,Gold Permit,163
2023-10-02,23,33,Gold Permit,6
2023-10-02,23,33,Orange Permit,157
2023-10-02,23,33,Orange Permit,108
2023-10-02,23,33,Purple Permit,34
2023-10-02,23,33,Pay-By-Space,37
2023-10-02,23,47,Gold Permit,162
2023-10-02,23,47,Gold Permit,165
2023-10-02,23,47,Gold Permit,6
2023-10-02,23,47,Orange Permit,157
2023-10-02,23,47,Orange Permit,108
2023-10-02,23,47,Purple Permit,34
2023-10-02,23,47,Pay-By-Space,39
2023-10-09,0,7,Gold Permit,165
2023-10-09,0,7,Gold Permit,168
2023-10-09,0,7,Gold Permit,7
2023-10-09,0,7,Orange Permit,158
2023-10-09,0,7,Orange Permit,109
2023-10-09,0,7,Purple Permit,36
2023-10-09,0,7,Pay-By-Space,28
2023-10-09,0,24,Gold Permit,165
2023-10-09,0,24,Gold Permit,168
2023-10-09,0,24,Gold Permit,7
2023-10-09,0,24,Orange Permit,158
2023-10-09,0,24,Orange Permit,109
2023-10-09,0,24,Purple Permit,36
2023-10-09,0,24,Pay-By-Space,28
2023-10-09,0,32,Gold Permit,165
2023-10-09,0,32,Gold Permit,168
2023-10-09,0,32,Gold Permit,7
2023-10-09,0,32,Orange Permit,158
2023-10-09,0,32,Orange Permit,109
2023-10-09,0,32,Purple Permit,36
2023-10-09,0,32,Pay-By-Space,28
2023-10-09,0,47,Gold Permit,165
2023-10-09,0,47,Gold Permit,168
2023-10-09,0,47,Gold Permit,7
2023-10-09,0,47,Orange Permit,158
2023-10-09,0,47,Orange Permit,109
2023-10-09,0,47,Purple Permit,36
2023-10-09,0,47,Pay-By-Space,28
2023-10-09,1,10,Gold Permit,165
2023-10-09,1,10,Gold Permit,168
2023-10-09,1,10,Gold Permit,7
2023-10-09,1,10,Orange Permit,158
2023-10-09,1,10,Orange Permit,108
2023-10-09,1,10,Purple Permit,36
2023-10-09,1,10,Pay-By-Space,28
2023-10-09,1,28,Gold Permit,165
2023-10-09,1,28,Gold Permit,168
2023-10-09,1,28,Gold Permit,7
2023-10-09,1,28,Orange Permit,158
2023-10-09,1,28,Orange Permit,109
2023-10-09,1,28,Purple Permit,36
2023-10-09,1,28,Pay-By-Space,28
2023-10-09,1,37,Gold Permit,165
2023-10-09,1,37,Gold Permit,168
2023-10-09,1,37,Gold Permit,7
2023-10-09,1,37,Orange Permit,158
2023-10-09,1,37,Orange Permit,109
2023-10-09,1,37,Purple Permit,36
2023-10-09,1,37,Pay-By-Space,28
2023-10-09,1,46,Gold Permit,165
2023-10-09,1,46,Gold Permit,168
2023-10-09,1,46,Gold Permit,7
2023-10-09,1,46,Orange Permit,158
2023-10-09,1,46,Orange Permit,109
2023-10-09,1,46,Purple Permit,36
2023-10-09,1,46,Pay-By-Space,28
2023-10-09,2,7,Gold Permit,165
2023-10-09,2,7,Gold Permit,168
2023-10-09,2,7,Gold Permit,7
2023-10-09,2,7,Orange Permit,158
2023-10-09,2,7,Orange Permit,109
2023-10-09,2,7,Purple Permit,36
2023-10-09,2,7,Pay-By-Space,28
2023-10-09,2,20,Gold Permit,165
2023-10-09,2,20,Gold Permit,168
2023-10-09,2,20,Gold Permit,7
2023-10-09,2,20,Orange Permit,158
2023-10-09,2,20,Orange Permit,109
2023-10-09,2,20,Purple Permit,36
2023-10-09,2,20,Pay-By-Space,28
2023-10-09,2,32,Gold Permit,165
2023-10-09,2,32,Gold Permit,168
2023-10-09,2,32,Gold Permit,7
2023-10-09,2,32,Orange Permit,158
2023-10-09,2,32,Orange Permit,109
2023-10-09,2,32,Purple Permit,36
2023-10-09,2,32,Pay-By-Space,28
2023-10-09,2,47,Gold Permit,165
2023-10-09,2,47,Gold Permit,168
2023-10-09,2,47,Gold Permit,7
2023-10-09,2,47,Orange Permit,158
2023-10-09,2,47,Orange Permit,109
2023-10-09,2,47,Purple Permit,36
2023-10-09,2,47,Pay-By-Space,28
2023-10-09,3,10,Gold Permit,165
2023-10-09,3,10,Gold Permit,168
2023-10-09,3,10,Gold Permit,7
2023-10-09,3,10,Orange Permit,158
2023-10-09,3,10,Orange Permit,109
2023-10-09,3,10,Purple Permit,36
2023-10-09,3,10,Pay-By-Space,28
2023-10-09,3,28,Gold Permit,165
2023-10-09,3,28,Gold Permit,168
2023-10-09,3,28,Gold Permit,7
2023-10-09,3,28,Orange Permit,158
2023-10-09,3,28,Orange Permit,109
2023-10-09,3,28,Purple Permit,36
2023-10-09,3,28,Pay-By-Space,28
2023-10-09,3,37,Gold Permit,165
2023-10-09,3,37,Gold Permit,168
2023-10-09,3,37,Gold Permit,7
2023-10-09,3,37,Orange Permit,158
2023-10-09,3,37,Orange Permit,109
2023-10-09,3,37,Purple Permit,36
2023-10-09,3,37,Pay-By-Space,28
2023-10-09,3,47,Gold Permit,165
2023-10-09,3,47,Gold Permit,168
2023-10-09,3,47,Gold Permit,7
2023-10-09,3,47,Orange Permit,158
2023-10-09,3,47,Orange Permit,109
2023-10-09,3,47,Purple Permit,36
2023-10-09,3,47,Pay-By-Space,28
2023-10-09,4,8,Gold Permit,165
2023-10-09,4,8,Gold Permit,168
2023-10-09,4,8,Gold Permit,7
2023-10-09,4,8,Orange Permit,158
2023-10-09,4,8,Orange Permit,109
2023-10-09,4,8,Purple Permit,36
2023-10-09,4,8,Pay-By-Space,28
2023-10-09,4,23,Gold Permit,165
2023-10-09,4,23,Gold Permit,168
2023-10-09,4,23,Gold Permit,7
2023-10-09,4,23,Orange Permit,158
2023-10-09,4,23,Orange Permit,109
2023-10-09,4,23,Purple Permit,36
2023-10-09,4,23,Pay-By-Space,28
2023-10-09,4,32,Gold Permit,165
2023-10-09,4,32,Gold Permit,168
2023-10-09,4,32,Gold Permit,7
2023-10-09,4,32,Orange Permit,158
2023-10-09,4,32,Orange Permit,109
2023-10-09,4,32,Purple Permit,36
2023-10-09,4,32,Pay-By-Space,28
2023-10-09,4,47,Gold Permit,165
2023-10-09,4,47,Gold Permit,168
2023-10-09,4,47,Gold Permit,7
2023-10-09,4,47,Orange Permit,158
2023-10-09,4,47,Orange Permit,109
2023-10-09,4,47,Purple Permit,36
2023-10-09,4,47,Pay-By-Space,28
2023-10-09,5,8,Gold Permit,165
2023-10-09,5,8,Gold Permit,168
2023-10-09,5,8,Gold Permit,7
2023-10-09,5,8,Orange Permit,158
2023-10-09,5,8,Orange Permit,109
2023-10-09,5,8,Purple Permit,36
2023-10-09,5,8,Pay-By-Space,28
2023-10-09,5,29,Gold Permit,165
2023-10-09,5,29,Gold Permit,166
2023-10-09,5,29,Gold Permit,7
2023-10-09,5,29,Orange Permit,158
2023-10-09,5,29,Orange Permit,109
2023-10-09,5,29,Purple Permit,36
2023-10-09,5,29,Pay-By-Space,28
2023-10-09,5,38,Gold Permit,165
2023-10-09,5,38,Gold Permit,166
2023-10-09,5,38,Gold Permit,7
2023-10-09,5,38,Orange Permit,158
2023-10-09,5,38,Orange Permit,109
2023-10-09,5,38,Purple Permit,36
2023-10-09,5,38,Pay-By-Space,28
2023-10-09,5,47,Gold Permit,165
2023-10-09,5,47,Gold Permit,166
2023-10-09,5,47,Gold Permit,6
2023-10-09,5,47,Orange Permit,158
2023-10-09,5,47,Orange Permit,109
2023-10-09,5,47,Purple Permit,36
2023-10-09,5,47,Pay-By-Space,28
2023-10-09,6,6,Gold Permit,165
2023-10-09,6,6,Gold Permit,165
2023-10-09,6,6,Gold Permit,6
2023-10-09,6,6,Orange Permit,158
2023-10-09,6,6,Orange Permit,109
2023-10-09,6,6,Purple Permit,36
2023-10-09,6,6,Pay-By-Space,28
2023-10-09,6,19,Gold Permit,165
2023-10-09,6,19,Gold Permit,165
2023-10-09,6,19,Gold Permit,6
2023-10-09,6,19,Orange Permit,158
2023-10-09,6,19,Orange Permit,108
2023-10-09,6,19,Purple Permit,35
2023-10-09,6,19,Pay-By-Space,28
2023-10-09,6,32,Gold Permit,164
2023-10-09,6,32,Gold Permit,165
2023-10-09,6,32,Gold Permit,5
2023-10-09,6,32,Orange Permit,158
2023-10-09,6,32,Orange Permit,108
2023-10-09,6,32,Purple Permit,35
2023-10-09,6,32,Pay-By-Space,28
2023-10-09,6,47,Gold Permit,164
2023-10-09,6,47,Gold Permit,164
2023-10-09,6,47,Gold Permit,5
2023-10-09,6,47,Orange Permit,158
2023-10-09,6,47,Orange Permit,107
2023-10-09,6,47,Purple Permit,35
2023-10-09,6,47,Pay-By-Space,28
2023-10-09,7,15,Gold Permit,164
2023-10-09,7,15,Gold Permit,161
2023-10-09,7,15,Gold Permit,0
2023-10-09,7,15,Orange Permit,158
2023-10-09,7,15,Orange Permit,102
2023-10-09,7,15,Purple Permit,35
2023-10-09,7,15,Pay-By-Space,27
2023-10-09,7,45,Gold Permit,164
2023-10-09,7,45,Gold Permit,145
2023-10-09,7,45,Gold Permit,0
2023-10-09,7,45,Orange Permit,158
2023-10-09,7,45,Orange Permit,83
2023-10-09,7,45,Purple Permit,32
2023-10-09,7,45,Pay-By-Space,27
2023-10-09,8,12,Gold Permit,165
2023-10-09,8,12,Gold Permit,107
2023-10-09,8,12,Gold Permit,0
2023-10-09,8,12,Orange Permit,157
2023-10-09,8,12,Orange Permit,63
2023-10-09,8,12,Purple Permit,29
2023-10-09,8,12,Pay-By-Space,27
2023-10-09,8,28,Gold Permit,165
2023-10-09,8,28,Gold Permit,66
2023-10-09,8,28,Gold Permit,0
2023-10-09,8,28,Orange Permit,157
2023-10-09,8,28,Orange Permit,43
2023-10-09,8,28,Purple Permit,28
2023-10-09,8,28,Pay-By-Space,23
2023-10-09,8,35,Gold Permit,165
2023-10-09,8,35,Gold Permit,50
2023-10-09,8,35,Gold Permit,0
2023-10-09,8,35,Orange Permit,156
2023-10-09,8,35,Orange Permit,36
2023-10-09,8,35,Purple Permit,27
2023-10-09,8,35,Pay-By-Space,23
2023-10-09,8,46,Gold Permit,165
2023-10-09,8,46,Gold Permit,22
2023-10-09,8,46,Gold Permit,0
2023-10-09,8,46,Orange Permit,151
2023-10-09,8,46,Orange Permit,25
2023-10-09,8,46,Purple Permit,24
2023-10-09,8,46,Pay-By-Space,21
2023-10-09,9,7,Gold Permit,153
2023-10-09,9,7,Gold Permit,0
2023-10-09,9,7,Gold Permit,0
2023-10-09,9,7,Orange Permit,145
2023-10-09,9,7,Orange Permit,14
2023-10-09,9,7,Purple Permit,23
2023-10-09,9,7,Pay-By-Space,20
2023-10-09,9,26,Gold Permit,137
2023-10-09,9,26,Gold Permit,0
2023-10-09,9,26,Gold Permit,0
2023-10-09,9,26,Orange Permit,141
2023-10-09,9,26,Orange Permit,4
2023-10-09,9,26,Purple Permit,21
2023-10-09,9,26,Pay-By-Space,19
2023-10-09,9,35,Gold Permit,126
2023-10-09,9,35,Gold Permit,0
2023-10-09,9,35,Gold Permit,0
2023-10-09,9,35,Orange Permit,135
2023-10-09,9,35,Orange Permit,2
2023-10-09,9,35,Purple Permit,18
2023-10-09,9,35,Pay-By-Space,18
2023-10-09,9,47,Gold Permit,101
2023-10-09,9,47,Gold Permit,0
2023-10-09,9,47,Gold Permit,0
2023-10-09,9,47,Orange Permit,111
2023-10-09,9,47,Orange Permit,4
2023-10-09,9,47,Purple Permit,19
2023-10-09,9,47,Pay-By-Space,19
2023-10-09,10,7,Gold Permit,77
2023-10-09,10,7,Gold Permit,0
2023-10-09,10,7,Gold Permit,0
2023-10-09,10,7,Orange Permit,82
2023-10-09,10,7,Orange Permit,3
2023-10-09,10,7,Purple Permit,15
2023-10-09,10,7,Pay-By-Space,11
2023-10-09,10,23,Gold Permit,69
2023-10-09,10,23,Gold Permit,0
2023-10-09,10,23,Gold Permit,0
2023-10-09,10,23,Orange Permit,72
2023-10-09,10,23,Orange Permit,0
2023-10-09,10,23,Purple Permit,15
2023-10-09,10,23,Pay-By-Space,9
2023-10-09,10,32,Gold Permit,66
2023-10-09,10,32,Gold Permit,0
2023-10-09,10,32,Gold Permit,0
2023-10-09,10,32,Orange Permit,69
2023-10-09,10,32,Orange Permit,1
2023-10-09,10,32,Purple Permit,14
2023-10-09,10,32,Pay-By-Space,6
2023-10-09,10,47,Gold Permit,58
2023-10-09,10,47,Gold Permit,0
2023-10-09,10,47,Gold Permit,0
2023-10-09,10,47,Orange Permit,59
2023-10-09,10,47,Orange Permit,4
2023-10-09,10,47,Purple Permit,13
2023-10-09,10,47,Pay-By-Space,8
2023-10-09,11,9,Gold Permit,46
2023-10-09,11,9,Gold Permit,0
2023-10-09,11,9,Gold Permit,0
2023-10-09,11,9,Orange Permit,39
2023-10-09,11,9,Orange Permit,1
2023-10-09,11,9,Purple Permit,12
2023-10-09,11,9,Pay-By-Space,9
2023-10-09,11,28,Gold Permit,42
2023-10-09,11,28,Gold Permit,0
2023-10-09,11,28,Gold Permit,0
2023-10-09,11,28,Orange Permit,35
2023-10-09,11,28,Orange Permit,1
2023-10-09,11,28,Purple Permit,11
2023-10-09,11,28,Pay-By-Space,7
2023-10-09,11,38,Gold Permit,43
2023-10-09,11,38,Gold Permit,0
2023-10-09,11,38,Gold Permit,0
2023-10-09,11,38,Orange Permit,37
2023-10-09,11,38,Orange Permit,0
2023-10-09,11,38,Purple Permit,11
2023-10-09,11,38,Pay-By-Space,4
2023-10-09,11,47,Gold Permit,39
2023-10-09,11,47,Gold Permit,0
2023-10-09,11,47,Gold Permit,0
2023-10-09,11,47,Orange Permit,28
2023-10-09,11,47,Orange Permit,0
2023-10-09,11,47,Purple Permit,13
2023-10-09,11,47,Pay-By-Space,4
2023-10-09,12,7,Gold Permit,41
2023-10-09,12,7,Gold Permit,0
2023-10-09,12,7,Gold Permit,0
2023-10-09,12,7,Orange Permit,33
2023-10-09,12,7,Orange Permit,1
2023-10-09,12,7,Purple Permit,10
2023-10-09,12,7,Pay-By-Space,8
2023-10-09,12,23,Gold Permit,41
2023-10-09,12,23,Gold Permit,0
2023-10-09,12,23,Gold Permit,0
2023-10-09,12,23,Orange Permit,31
2023-10-09,12,23,Orange Permit,3
2023-10-09,12,23,Purple Permit,9
2023-10-09,12,23,Pay-By-Space,6
2023-10-09,12,32,Gold Permit,39
2023-10-09,12,32,Gold Permit,0
2023-10-09,12,32,Gold Permit,0
2023-10-09,12,32,Orange Permit,28
2023-10-09,12,32,Orange Permit,4
2023-10-09,12,32,Purple Permit,8
2023-10-09,12,32,Pay-By-Space,4
2023-10-09,12,47,Gold Permit,29
2023-10-09,12,47,Gold Permit,0
2023-10-09,12,47,Gold Permit,0
2023-10-09,12,47,Orange Permit,25
2023-10-09,12,47,Orange Permit,3
2023-10-09,12,47,Purple Permit,8
2023-10-09,12,47,Pay-By-Space,4
2023-10-09,13,9,Gold Permit,39
2023-10-09,13,9,Gold Permit,6
2023-10-09,13,9,Gold Permit,0
2023-10-09,13,9,Orange Permit,12
2023-10-09,13,9,Orange Permit,3
2023-10-09,13,9,Purple Permit,4
2023-10-09,13,9,Pay-By-Space,3
2023-10-09,13,27,Gold Permit,44
2023-10-09,13,27,Gold Permit,7
2023-10-09,13,27,Gold Permit,0
2023-10-09,13,27,Orange Permit,15
2023-10-09,13,27,Orange Permit,2
2023-10-09,13,27,Purple Permit,4
2023-10-09,13,27,Pay-By-Space,5
2023-10-09,13,35,Gold Permit,44
2023-10-09,13,35,Gold Permit,6
2023-10-09,13,35,Gold Permit,0
2023-10-09,13,35,Orange Permit,18
2023-10-09,13,35,Orange Permit,0
2023-10-09,13,35,Purple Permit,2
2023-10-09,13,35,Pay-By-Space,5
2023-10-09,13,47,Gold Permit,47
2023-10-09,13,47,Gold Permit,0
2023-10-09,13,47,Gold Permit,0
2023-10-09,13,47,Orange Permit,9
2023-10-09,13,47,Orange Permit,4
2023-10-09,13,47,Purple Permit,2
2023-10-09,13,47,Pay-By-Space,2
2023-10-09,14,5,Gold Permit,47
2023-10-09,14,5,Gold Permit,4
2023-10-09,14,5,Gold Permit,0
2023-10-09,14,5,Orange Permit,16
2023-10-09,14,5,Orange Permit,9
2023-10-09,14,5,Purple Permit,3
2023-10-09,14,5,Pay-By-Space,6
2023-10-09,14,17,Gold Permit,45
2023-10-09,14,17,Gold Permit,0
2023-10-09,14,17,Gold Permit,0
2023-10-09,14,17,Orange Permit,17
2023-10-09,14,17,Orange Permit,9
2023-10-09,14,17,Purple Permit,1
2023-10-09,14,17,Pay-By-Space,6
2023-10-09,14,32,Gold Permit,53
2023-10-09,14,32,Gold Permit,0
2023-10-09,14,32,Gold Permit,0
2023-10-09,14,32,Orange Permit,24
2023-10-09,14,32,Orange Permit,6
2023-10-09,14,32,Purple Permit,1
2023-10-09,14,32,Pay-By-Space,6
2023-10-09,14,47,Gold Permit,53
2023-10-09,14,47,Gold Permit,0
2023-10-09,14,47,Gold Permit,0
2023-10-09,14,47,Orange Permit,28
2023-10-09,14,47,Orange Permit,6
2023-10-09,14,47,Purple Permit,3
2023-10-09,14,47,Pay-By-Space,3
2023-10-09,15,7,Gold Permit,65
2023-10-09,15,7,Gold Permit,7
2023-10-09,15,7,Gold Permit,0
2023-10-09,15,7,Orange Permit,43
2023-10-09,15,7,Orange Permit,10
2023-10-09,15,7,Purple Permit,3
2023-10-09,15,7,Pay-By-Space,6
2023-10-09,15,21,Gold Permit,69
2023-10-09,15,21,Gold Permit,13
2023-10-09,15,21,Gold Permit,0
2023-10-09,15,21,Orange Permit,50
2023-10-09,15,21,Orange Permit,11
2023-10-09,15,21,Purple Permit,3
2023-10-09,15,21,Pay-By-Space,9
2023-10-09,15,32,Gold Permit,69
2023-10-09,15,32,Gold Permit,16
2023-10-09,15,32,Gold Permit,0
2023-10-09,15,32,Orange Permit,53
2023-10-09,15,32,Orange Permit,13
2023-10-09,15,32,Purple Permit,7
2023-10-09,15,32,Pay-By-Space,9
2023-10-09,15,47,Gold Permit,72
2023-10-09,15,47,Gold Permit,14
2023-10-09,15,47,Gold Permit,0
2023-10-09,15,47,Orange Permit,59
2023-10-09,15,47,Orange Permit,11
2023-10-09,15,47,Purple Permit,9
2023-10-09,15,47,Pay-By-Space,8
2023-10-09,16,6,Gold Permit,86
2023-10-09,16,6,Gold Permit,21
2023-10-09,16,6,Gold Permit,0
2023-10-09,16,6,Orange Permit,73
2023-10-09,16,6,Orange Permit,17
2023-10-09,16,6,Purple Permit,11
2023-10-09,16,6,Pay-By-Space,9
2023-10-09,16,18,Gold Permit,87
2023-10-09,16,18,Gold Permit,25
2023-10-09,16,18,Gold Permit,0
2023-10-09,16,18,Orange Permit,79
2023-10-09,16,18,Orange Permit,22
2023-10-09,16,18,Purple Permit,12
2023-10-09,16,18,Pay-By-Space,11
2023-10-09,16,32,Gold Permit,90
2023-10-09,16,32,Gold Permit,29
2023-10-09,16,32,Gold Permit,0
2023-10-09,16,32,Orange Permit,80
2023-10-09,16,32,Orange Permit,21
2023-10-09,16,32,Purple Permit,13
2023-10-09,16,32,Pay-By-Space,12
2023-10-09,16,47,Gold Permit,91
2023-10-09,16,47,Gold Permit,29
2023-10-09,16,47,Gold Permit,0
2023-10-09,16,47,Orange Permit,84
2023-10-09,16,47,Orange Permit,25
2023-10-09,16,47,Purple Permit,12
2023-10-09,16,47,Pay-By-Space,14
2023-10-09,17,6,Gold Permit,101
2023-10-09,17,6,Gold Permit,48
2023-10-09,17,6,Gold Permit,0
2023-10-09,17,6,Orange Permit,90
2023-10-09,17,6,Orange Permit,33
2023-10-09,17,6,Purple Permit,14
2023-10-09,17,6,Pay-By-Space,18
2023-10-09,17,24,Gold Permit,112
2023-10-09,17,24,Gold Permit,63
2023-10-09,17,24,Gold Permit,0
2023-10-09,17,24,Orange Permit,94
2023-10-09,17,24,Orange Permit,40
2023-10-09,17,24,Purple Permit,16
2023-10-09,17,24,Pay-By-Space,19
2023-10-09,17,32,Gold Permit,115
2023-10-09,17,32,Gold Permit,69
2023-10-09,17,32,Gold Permit,0
2023-10-09,17,32,Orange Permit,100
2023-10-09,17,32,Orange Permit,43
2023-10-09,17,32,Purple Permit,16
2023-10-09,17,32,Pay-By-Space,20
2023-10-09,17,46,Gold Permit,121
2023-10-09,17,46,Gold Permit,70
2023-10-09,17,46,Gold Permit,0
2023-10-09,17,46,Orange Permit,103
2023-10-09,17,46,Orange Permit,42
2023-10-09,17,46,Purple Permit,18
2023-10-09,17,46,Pay-By-Space,19
2023-10-09,18,7,Gold Permit,129
2023-10-09,18,7,Gold Permit,83
2023-10-09,18,7,Gold Permit,0
2023-10-09,18,7,Orange Permit,110
2023-10-09,18,7,Orange Permit,43
2023-10-09,18,7,Purple Permit,21
2023-10-09,18,7,Pay-By-Space,17
2023-10-09,18,20,Gold Permit,131
2023-10-09,18,20,Gold Permit,85
2023-10-09,18,20,Gold Permit,0
2023-10-09,18,20,Orange Permit,111
2023-10-09,18,20,Orange Permit,48
2023-10-09,18,20,Purple Permit,25
2023-10-09,18,20,Pay-By-Space,17
2023-10-09,18,32,Gold Permit,131
2023-10-09,18,32,Gold Permit,85
2023-10-09,18,32,Gold Permit,0
2023-10-09,18,32,Orange Permit,118
2023-10-09,18,32,Orange Permit,47
2023-10-09,18,32,Purple Permit,25
2023-10-09,18,32,Pay-By-Space,17
2023-10-09,18,47,Gold Permit,138
2023-10-09,18,47,Gold Permit,89
2023-10-09,18,47,Gold Permit,0
2023-10-09,18,47,Orange Permit,117
2023-10-09,18,47,Orange Permit,50
2023-10-09,18,47,Purple Permit,26
2023-10-09,18,47,Pay-By-Space,18
2023-10-09,19,33,Gold Permit,154
2023-10-09,19,33,Gold Permit,126
2023-10-09,19,33,Gold Permit,3
2023-10-09,19,33,Orange Permit,130
2023-10-09,19,33,Orange Permit,78
2023-10-09,19,33,Purple Permit,31
2023-10-09,19,33,Pay-By-Space,22
2023-10-09,20,36,Gold Permit,165
2023-10-09,20,36,Gold Permit,138
2023-10-09,20,36,Gold Permit,4
2023-10-09,20,36,Orange Permit,141
2023-10-09,20,36,Orange Permit,91
2023-10-09,20,36,Purple Permit,32
2023-10-09,20,36,Pay-By-Space,23
2023-10-09,21,6,Gold Permit,165
2023-10-09,21,6,Gold Permit,141
2023-10-09,21,6,Gold Permit,5
2023-10-09,21,6,Orange Permit,148
2023-10-09,21,6,Orange Permit,98
2023-10-09,21,6,Purple Permit,34
2023-10-09,21,6,Pay-By-Space,23
2023-10-09,21,27,Gold Permit,165
2023-10-09,21,27,Gold Permit,143
2023-10-09,21,27,Gold Permit,5
2023-10-09,21,27,Orange Permit,153
2023-10-09,21,27,Orange Permit,100
2023-10-09,21,27,Purple Permit,34
2023-10-09,21,27,Pay-By-Space,23
2023-10-09,21,35,Gold Permit,165
2023-10-09,21,35,Gold Permit,144
2023-10-09,21,35,Gold Permit,5
2023-10-09,21,35,Orange Permit,153
2023-10-09,21,35,Orange Permit,100
2023-10-09,21,35,Purple Permit,34
2023-10-09,21,35,Pay-By-Space,26
2023-10-09,21,47,Gold Permit,165
2023-10-09,21,47,Gold Permit,149
2023-10-09,21,47,Gold Permit,7
2023-10-09,21,47,Orange Permit,155
2023-10-09,21,47,Orange Permit,102
2023-10-09,21,47,Purple Permit,35
2023-10-09,21,47,Pay-By-Space,26
2023-10-09,22,7,Gold Permit,165
2023-10-09,22,7,Gold Permit,155
2023-10-09,22,7,Gold Permit,7
2023-10-09,22,7,Orange Permit,155
2023-10-09,22,7,Orange Permit,104
2023-10-09,22,7,Purple Permit,35
2023-10-09,22,7,Pay-By-Space,27
2023-10-09,22,21,Gold Permit,165
2023-10-09,22,21,Gold Permit,157
2023-10-09,22,21,Gold Permit,7
2023-10-09,22,21,Orange Permit,155
2023-10-09,22,21,Orange Permit,104
2023-10-09,22,21,Purple Permit,36
2023-10-09,22,21,Pay-By-Space,27
2023-10-09,22,32,Gold Permit,165
2023-10-09,22,32,Gold Permit,157
2023-10-09,22,32,Gold Permit,7
2023-10-09,22,32,Orange Permit,155
2023-10-09,22,32,Orange Permit,104
2023-10-09,22,32,Purple Permit,36
2023-10-09,22,32,Pay-By-Space,28
2023-10-09,22,46,Gold Permit,165
2023-10-09,22,46,Gold Permit,161
2023-10-09,22,46,Gold Permit,7
2023-10-09,22,46,Orange Permit,157
2023-10-09,22,46,Orange Permit,105
2023-10-09,22,46,Purple Permit,35
2023-10-09,22,46,Pay-By-Space,28
2023-10-09,23,8,Gold Permit,165
2023-10-09,23,8,Gold Permit,166
2023-10-09,23,8,Gold Permit,7
2023-10-09,23,8,Orange Permit,157
2023-10-09,23,8,Orange Permit,107
2023-10-09,23,8,Purple Permit,35
2023-10-09,23,8,Pay-By-Space,29
2023-10-09,23,25,Gold Permit,165
2023-10-09,23,25,Gold Permit,167
2023-10-09,23,25,Gold Permit,7
2023-10-09,23,25,Orange Permit,157
2023-10-09,23,25,Orange Permit,107
2023-10-09,23,25,Purple Permit,35
2023-10-09,23,25,Pay-By-Space,29
2023-10-09,23,33,Gold Permit,165
2023-10-09,23,33,Gold Permit,167
2023-10-09,23,33,Gold Permit,7
2023-10-09,23,33,Orange Permit,157
2023-10-09,23,33,Orange Permit,107
2023-10-09,23,33,Purple Permit,36
2023-10-09,23,33,Pay-By-Space,29
2023-10-09,23,47,Gold Permit,165
2023-10-09,23,47,Gold Permit,167
2023-10-09,23,47,Gold Permit,7
2023-10-09,23,47,Orange Permit,157
2023-10-09,23,47,Orange Permit,107
2023-10-09,23,47,Purple Permit,36
2023-10-09,23,47,Pay-By-Space,29
2023-10-16,0,7,Gold Permit,165
2023-10-16,0,7,Gold Permit,168
2023-10-16,0,7,Gold Permit,7
2023-10-16,0,7,Orange Permit,157
2023-10-16,0,7,Orange Permit,109
2023-10-16,0,7,Purple Permit,36
2023-10-16,0,7,Pay-By-Space,28
2023-10-16,0,24,Gold Permit,165
2023-10-16,0,24,Gold Permit,168
2023-10-16,0,24,Gold Permit,7
2023-10-16,0,24,Orange Permit,157
2023-10-16,0,24,Orange Permit,110
2023-10-16,0,24,Purple Permit,36
2023-10-16,0,24,Pay-By-Space,28
2023-10-16,0,32,Gold Permit,165
2023-10-16,0,32,Gold Permit,168
2023-10-16,0,32,Gold Permit,7
2023-10-16,0,32,Orange Permit,157
2023-10-16,0,32,Orange Permit,110
2023-10-16,0,32,Purple Permit,36
2023-10-16,0,32,Pay-By-Space,28
2023-10-16,0,47,Gold Permit,165
2023-10-16,0,47,Gold Permit,168
2023-10-16,0,47,Gold Permit,7
2023-10-16,0,47,Orange Permit,157
2023-10-16,0,47,Orange Permit,110
2023-10-16,0,47,Purple Permit,36
2023-10-16,0,47,Pay-By-Space,28
2023-10-16,1,11,Gold Permit,165
2023-10-16,1,11,Gold Permit,168
2023-10-16,1,11,Gold Permit,7
2023-10-16,1,11,Orange Permit,157
2023-10-16,1,11,Orange Permit,110
2023-10-16,1,11,Purple Permit,36
2023-10-16,1,11,Pay-By-Space,28
2023-10-16,1,28,Gold Permit,165
2023-10-16,1,28,Gold Permit,168
2023-10-16,1,28,Gold Permit,7
2023-10-16,1,28,Orange Permit,157
2023-10-16,1,28,Orange Permit,110
2023-10-16,1,28,Purple Permit,36
2023-10-16,1,28,Pay-By-Space,28
2023-10-16,1,38,Gold Permit,165
2023-10-16,1,38,Gold Permit,168
2023-10-16,1,38,Gold Permit,7
2023-10-16,1,38,Orange Permit,157
2023-10-16,1,38,Orange Permit,110
2023-10-16,1,38,Purple Permit,36
2023-10-16,1,38,Pay-By-Space,28
2023-10-16,1,47,Gold Permit,165
2023-10-16,1,47,Gold Permit,168
2023-10-16,1,47,Gold Permit,7
2023-10-16,1,47,Orange Permit,157
2023-10-16,1,47,Orange Permit,110
2023-10-16,1,47,Purple Permit,36
2023-10-16,1,47,Pay-By-Space,28
2023-10-16,2,7,Gold Permit,165
2023-10-16,2,7,Gold Permit,168
2023-10-16,2,7,Gold Permit,7
2023-10-16,2,7,Orange Permit,157
2023-10-16,2,7,Orange Permit,110
2023-10-16,2,7,Purple Permit,36
2023-10-16,2,7,Pay-By-Space,28
2023-10-16,2,20,Gold Permit,165
2023-10-16,2,20,Gold Permit,168
2023-10-16,2,20,Gold Permit,7
2023-10-16,2,20,Orange Permit,157
2023-10-16,2,20,Orange Permit,110
2023-10-16,2,20,Purple Permit,36
2023-10-16,2,20,Pay-By-Space,28
2023-10-16,2,32,Gold Permit,165
2023-10-16,2,32,Gold Permit,168
2023-10-16,2,32,Gold Permit,7
2023-10-16,2,32,Orange Permit,157
2023-10-16,2,32,Orange Permit,110
2023-10-16,2,32,Purple Permit,36
2023-10-16,2,32,Pay-By-Space,28
2023-10-16,2,47,Gold Permit,165
2023-10-16,2,47,Gold Permit,168
2023-10-16,2,47,Gold Permit,7
2023-10-16,2,47,Orange Permit,157
2023-10-16,2,47,Orange Permit,110
2023-10-16,2,47,Purple Permit,36
2023-10-16,2,47,Pay-By-Space,28
2023-10-16,3,10,Gold Permit,165
2023-10-16,3,10,Gold Permit,168
2023-10-16,3,10,Gold Permit,7
2023-10-16,3,10,Orange Permit,157
2023-10-16,3,10,Orange Permit,110
2023-10-16,3,10,Purple Permit,36
2023-10-16,3,10,Pay-By-Space,28
2023-10-16,3,28,Gold Permit,165
2023-10-16,3,28,Gold Permit,168
2023-10-16,3,28,Gold Permit,7
2023-10-16,3,28,Orange Permit,157
2023-10-16,3,28,Orange Permit,110
2023-10-16,3,28,Purple Permit,36
2023-10-16,3,28,Pay-By-Space,28
2023-10-16,3,36,Gold Permit,165
2023-10-16,3,36,Gold Permit,168
2023-10-16,3,36,Gold Permit,7
2023-10-16,3,36,Orange Permit,157
2023-10-16,3,36,Orange Permit,110
2023-10-16,3,36,Purple Permit,36
2023-10-16,3,36,Pay-By-Space,28
2023-10-16,3,47,Gold Permit,165
2023-10-16,3,47,Gold Permit,168
2023-10-16,3,47,Gold Permit,7
2023-10-16,3,47,Orange Permit,157
2023-10-16,3,47,Orange Permit,110
2023-10-16,3,47,Purple Permit,36
2023-10-16,3,47,Pay-By-Space,28
2023-10-16,4,8,Gold Permit,165
2023-10-16,4,8,Gold Permit,168
2023-10-16,4,8,Gold Permit,7
2023-10-16,4,8,Orange Permit,157
2023-10-16,4,8,Orange Permit,110
2023-10-16,4,8,Purple Permit,36
2023-10-16,4,8,Pay-By-Space,28
2023-10-16,4,22,Gold Permit,165
2023-10-16,4,22,Gold Permit,168
2023-10-16,4,22,Gold Permit,7
2023-10-16,4,22,Orange Permit,157
2023-10-16,4,22,Orange Permit,110
2023-10-16,4,22,Purple Permit,36
2023-10-16,4,22,Pay-By-Space,29
2023-10-16,4,32,Gold Permit,165
2023-10-16,4,32,Gold Permit,168
2023-10-16,4,32,Gold Permit,7
2023-10-16,4,32,Orange Permit,157
2023-10-16,4,32,Orange Permit,110
2023-10-16,4,32,Purple Permit,36
2023-10-16,4,32,Pay-By-Space,29
2023-10-16,4,46,Gold Permit,165
2023-10-16,4,46,Gold Permit,168
2023-10-16,4,46,Gold Permit,7
2023-10-16,4,46,Orange Permit,157
2023-10-16,4,46,Orange Permit,110
2023-10-16,4,46,Purple Permit,36
2023-10-16,4,46,Pay-By-Space,29
2023-10-16,5,8,Gold Permit,165
2023-10-16,5,8,Gold Permit,168
2023-10-16,5,8,Gold Permit,7
2023-10-16,5,8,Orange Permit,157
2023-10-16,5,8,Orange Permit,109
2023-10-16,5,8,Purple Permit,36
2023-10-16,5,8,Pay-By-Space,29
2023-10-16,5,28,Gold Permit,165
2023-10-16,5,28,Gold Permit,166
2023-10-16,5,28,Gold Permit,7
2023-10-16,5,28,Orange Permit,157
2023-10-16,5,28,Orange Permit,109
2023-10-16,5,28,Purple Permit,36
2023-10-16,5,28,Pay-By-Space,29
2023-10-16,5,37,Gold Permit,165
2023-10-16,5,37,Gold Permit,166
2023-10-16,5,37,Gold Permit,7
2023-10-16,5,37,Orange Permit,157
2023-10-16,5,37,Orange Permit,109
2023-10-16,5,37,Purple Permit,36
2023-10-16,5,37,Pay-By-Space,29
2023-10-16,5,47,Gold Permit,165
2023-10-16,5,47,Gold Permit,166
2023-10-16,5,47,Gold Permit,7
2023-10-16,5,47,Orange Permit,157
2023-10-16,5,47,Orange Permit,109
2023-10-16,5,47,Purple Permit,36
2023-10-16,5,47,Pay-By-Space,29
2023-10-16,6,6,Gold Permit,165
2023-10-16,6,6,Gold Permit,165
2023-10-16,6,6,Gold Permit,7
2023-10-16,6,6,Orange Permit,157
2023-10-16,6,6,Orange Permit,109
2023-10-16,6,6,Purple Permit,36
2023-10-16,6,6,Pay-By-Space,29
2023-10-16,6,18,Gold Permit,165
2023-10-16,6,18,Gold Permit,165
2023-10-16,6,18,Gold Permit,7
2023-10-16,6,18,Orange Permit,157
2023-10-16,6,18,Orange Permit,109
2023-10-16,6,18,Purple Permit,36
2023-10-16,6,18,Pay-By-Space,29
2023-10-16,6,32,Gold Permit,164
2023-10-16,6,32,Gold Permit,165
2023-10-16,6,32,Gold Permit,6
2023-10-16,6,32,Orange Permit,157
2023-10-16,6,32,Orange Permit,109
2023-10-16,6,32,Purple Permit,35
2023-10-16,6,32,Pay-By-Space,29
2023-10-16,6,47,Gold Permit,164
2023-10-16,6,47,Gold Permit,165
2023-10-16,6,47,Gold Permit,4
2023-10-16,6,47,Orange Permit,157
2023-10-16,6,47,Orange Permit,109
2023-10-16,6,47,Purple Permit,35
2023-10-16,6,47,Pay-By-Space,29
2023-10-16,7,14,Gold Permit,164
2023-10-16,7,14,Gold Permit,162
2023-10-16,7,14,Gold Permit,1
2023-10-16,7,14,Orange Permit,157
2023-10-16,7,14,Orange Permit,105
2023-10-16,7,14,Purple Permit,35
2023-10-16,7,14,Pay-By-Space,29
2023-10-16,7,44,Gold Permit,163
2023-10-16,7,44,Gold Permit,150
2023-10-16,7,44,Gold Permit,0
2023-10-16,7,44,Orange Permit,155
2023-10-16,7,44,Orange Permit,100
2023-10-16,7,44,Purple Permit,34
2023-10-16,7,44,Pay-By-Space,29
2023-10-16,8,0,Gold Permit,163
2023-10-16,8,0,Gold Permit,138
2023-10-16,8,0,Gold Permit,0
2023-10-16,8,0,Orange Permit,157
2023-10-16,8,0,Orange Permit,90
2023-10-16,8,0,Purple Permit,33
2023-10-16,8,0,Pay-By-Space,29
2023-10-16,8,26,Gold Permit,165
2023-10-16,8,26,Gold Permit,90
2023-10-16,8,26,Gold Permit,0
2023-10-16,8,26,Orange Permit,157
2023-10-16,8,26,Orange Permit,63
2023-10-16,8,26,Purple Permit,30
2023-10-16,8,26,Pay-By-Space,27
2023-10-16,8,33,Gold Permit,165
2023-10-16,8,33,Gold Permit,78
2023-10-16,8,33,Gold Permit,0
2023-10-16,8,33,Orange Permit,157
2023-10-16,8,33,Orange Permit,51
2023-10-16,8,33,Purple Permit,28
2023-10-16,8,33,Pay-By-Space,27
2023-10-16,8,47,Gold Permit,165
2023-10-16,8,47,Gold Permit,50
2023-10-16,8,47,Gold Permit,0
2023-10-16,8,47,Orange Permit,156
2023-10-16,8,47,Orange Permit,39
2023-10-16,8,47,Purple Permit,27
2023-10-16,8,47,Pay-By-Space,26
2023-10-16,9,7,Gold Permit,165
2023-10-16,9,7,Gold Permit,16
2023-10-16,9,7,Gold Permit,0
2023-10-16,9,7,Orange Permit,153
2023-10-16,9,7,Orange Permit,18
2023-10-16,9,7,Purple Permit,19
2023-10-16,9,7,Pay-By-Space,33
2023-10-16,9,26,Gold Permit,162
2023-10-16,9,26,Gold Permit,0
2023-10-16,9,26,Gold Permit,0
2023-10-16,9,26,Orange Permit,145
2023-10-16,9,26,Orange Permit,7
2023-10-16,9,26,Purple Permit,17
2023-10-16,9,26,Pay-By-Space,32
2023-10-16,9,35,Gold Permit,152
2023-10-16,9,35,Gold Permit,0
2023-10-16,9,35,Gold Permit,0
2023-10-16,9,35,Orange Permit,137
2023-10-16,9,35,Orange Permit,1
2023-10-16,9,35,Purple Permit,15
2023-10-16,9,35,Pay-By-Space,30
2023-10-16,9,47,Gold Permit,127
2023-10-16,9,47,Gold Permit,0
2023-10-16,9,47,Gold Permit,0
2023-10-16,9,47,Orange Permit,118
2023-10-16,9,47,Orange Permit,2
2023-10-16,9,47,Purple Permit,16
2023-10-16,9,47,Pay-By-Space,29
2023-10-16,10,7,Gold Permit,95
2023-10-16,10,7,Gold Permit,0
2023-10-16,10,7,Gold Permit,0
2023-10-16,10,7,Orange Permit,88
2023-10-16,10,7,Orange Permit,2
2023-10-16,10,7,Purple Permit,10
2023-10-16,10,7,Pay-By-Space,22
2023-10-16,10,22,Gold Permit,87
2023-10-16,10,22,Gold Permit,0
2023-10-16,10,22,Gold Permit,0
2023-10-16,10,22,Orange Permit,79
2023-10-16,10,22,Orange Permit,2
2023-10-16,10,22,Purple Permit,10
2023-10-16,10,22,Pay-By-Space,17
2023-10-16,10,32,Gold Permit,84
2023-10-16,10,32,Gold Permit,0
2023-10-16,10,32,Gold Permit,0
2023-10-16,10,32,Orange Permit,74
2023-10-16,10,32,Orange Permit,3
2023-10-16,10,32,Purple Permit,9
2023-10-16,10,32,Pay-By-Space,14
2023-10-16,10,47,Gold Permit,68
2023-10-16,10,47,Gold Permit,0
2023-10-16,10,47,Gold Permit,0
2023-10-16,10,47,Orange Permit,67
2023-10-16,10,47,Orange Permit,1
2023-10-16,10,47,Purple Permit,10
2023-10-16,10,47,Pay-By-Space,11
2023-10-16,11,9,Gold Permit,49
2023-10-16,11,9,Gold Permit,1
2023-10-16,11,9,Gold Permit,0
2023-10-16,11,9,Orange Permit,42
2023-10-16,11,9,Orange Permit,3
2023-10-16,11,9,Purple Permit,10
2023-10-16,11,9,Pay-By-Space,15
2023-10-16,11,29,Gold Permit,38
2023-10-16,11,29,Gold Permit,0
2023-10-16,11,29,Gold Permit,0
2023-10-16,11,29,Orange Permit,34
2023-10-16,11,29,Orange Permit,2
2023-10-16,11,29,Purple Permit,7
2023-10-16,11,29,Pay-By-Space,19
2023-10-16,11,41,Gold Permit,34
2023-10-16,11,41,Gold Permit,0
2023-10-16,11,41,Gold Permit,0
2023-10-16,11,41,Orange Permit,32
2023-10-16,11,41,Orange Permit,3
2023-10-16,11,41,Purple Permit,7
2023-10-16,11,41,Pay-By-Space,20
2023-10-16,11,47,Gold Permit,31
2023-10-16,11,47,Gold Permit,0
2023-10-16,11,47,Gold Permit,0
2023-10-16,11,47,Orange Permit,30
2023-10-16,11,47,Orange Permit,2
2023-10-16,11,47,Purple Permit,7
2023-10-16,11,47,Pay-By-Space,19
2023-10-16,12,6,Gold Permit,37
2023-10-16,12,6,Gold Permit,5
2023-10-16,12,6,Gold Permit,0
2023-10-16,12,6,Orange Permit,36
2023-10-16,12,6,Orange Permit,0
2023-10-16,12,6,Purple Permit,9
2023-10-16,12,6,Pay-By-Space,22
2023-10-16,12,24,Gold Permit,37
2023-10-16,12,24,Gold Permit,3
2023-10-16,12,24,Gold Permit,0
2023-10-16,12,24,Orange Permit,36
2023-10-16,12,24,Orange Permit,0
2023-10-16,12,24,Purple Permit,8
2023-10-16,12,24,Pay-By-Space,21
2023-10-16,12,32,Gold Permit,35
2023-10-16,12,32,Gold Permit,0
2023-10-16,12,32,Gold Permit,0
2023-10-16,12,32,Orange Permit,30
2023-10-16,12,32,Orange Permit,0
2023-10-16,12,32,Purple Permit,8
2023-10-16,12,32,Pay-By-Space,23
2023-10-16,12,47,Gold Permit,27
2023-10-16,12,47,Gold Permit,0
2023-10-16,12,47,Gold Permit,0
2023-10-16,12,47,Orange Permit,24
2023-10-16,12,47,Orange Permit,1
2023-10-16,12,47,Purple Permit,8
2023-10-16,12,47,Pay-By-Space,24
2023-10-16,13,10,Gold Permit,12
2023-10-16,13,10,Gold Permit,0
2023-10-16,13,10,Gold Permit,0
2023-10-16,13,10,Orange Permit,26
2023-10-16,13,10,Orange Permit,3
2023-10-16,13,10,Purple Permit,6
2023-10-16,13,10,Pay-By-Space,21
2023-10-16,13,28,Gold Permit,18
2023-10-16,13,28,Gold Permit,0
2023-10-16,13,28,Gold Permit,0
2023-10-16,13,28,Orange Permit,29
2023-10-16,13,28,Orange Permit,0
2023-10-16,13,28,Purple Permit,3
2023-10-16,13,28,Pay-By-Space,22
2023-10-16,13,38,Gold Permit,14
2023-10-16,13,38,Gold Permit,0
2023-10-16,13,38,Gold Permit,0
2023-10-16,13,38,Orange Permit,25
2023-10-16,13,38,Orange Permit,0
2023-10-16,13,38,Purple Permit,2
2023-10-16,13,38,Pay-By-Space,19
2023-10-16,13,47,Gold Permit,16
2023-10-16,13,47,Gold Permit,0
2023-10-16,13,47,Gold Permit,0
2023-10-16,13,47,Orange Permit,26
2023-10-16,13,47,Orange Permit,0
2023-10-16,13,47,Purple Permit,0
2023-10-16,13,47,Pay-By-Space,14
2023-10-16,14,6,Gold Permit,16
2023-10-16,14,6,Gold Permit,2
2023-10-16,14,6,Gold Permit,0
2023-10-16,14,6,Orange Permit,35
2023-10-16,14,6,Orange Permit,5
2023-10-16,14,6,Purple Permit,1
2023-10-16,14,6,Pay-By-Space,9
2023-10-16,14,17,Gold Permit,15
2023-10-16,14,17,Gold Permit,2
2023-10-16,14,17,Gold Permit,0
2023-10-16,14,17,Orange Permit,35
2023-10-16,14,17,Orange Permit,4
2023-10-16,14,17,Purple Permit,2
2023-10-16,14,17,Pay-By-Space,14
2023-10-16,14,32,Gold Permit,17
2023-10-16,14,32,Gold Permit,3
2023-10-16,14,32,Gold Permit,0
2023-10-16,14,32,Orange Permit,39
2023-10-16,14,32,Orange Permit,5
2023-10-16,14,32,Purple Permit,3
2023-10-16,14,32,Pay-By-Space,15
2023-10-16,14,47,Gold Permit,24
2023-10-16,14,47,Gold Permit,1
2023-10-16,14,47,Gold Permit,0
2023-10-16,14,47,Orange Permit,41
2023-10-16,14,47,Orange Permit,1
2023-10-16,14,47,Purple Permit,5
2023-10-16,14,47,Pay-By-Space,16
2023-10-16,15,8,Gold Permit,40
2023-10-16,15,8,Gold Permit,4
2023-10-16,15,8,Gold Permit,0
2023-10-16,15,8,Orange Permit,41
2023-10-16,15,8,Orange Permit,6
2023-10-16,15,8,Purple Permit,9
2023-10-16,15,8,Pay-By-Space,19
2023-10-16,15,23,Gold Permit,41
2023-10-16,15,23,Gold Permit,5
2023-10-16,15,23,Gold Permit,0
2023-10-16,15,23,Orange Permit,46
2023-10-16,15,23,Orange Permit,8
2023-10-16,15,23,Purple Permit,8
2023-10-16,15,23,Pay-By-Space,22
2023-10-16,15,32,Gold Permit,46
2023-10-16,15,32,Gold Permit,4
2023-10-16,15,32,Gold Permit,0
2023-10-16,15,32,Orange Permit,47
2023-10-16,15,32,Orange Permit,7
2023-10-16,15,32,Purple Permit,9
2023-10-16,15,32,Pay-By-Space,21
2023-10-16,15,47,Gold Permit,48
2023-10-16,15,47,Gold Permit,4
2023-10-16,15,47,Gold Permit,0
2023-10-16,15,47,Orange Permit,49
2023-10-16,15,47,Orange Permit,9
2023-10-16,15,47,Purple Permit,7
2023-10-16,15,47,Pay-By-Space,23
2023-10-16,16,7,Gold Permit,59
2023-10-16,16,7,Gold Permit,15
2023-10-16,16,7,Gold Permit,0
2023-10-16,16,7,Orange Permit,68
2023-10-16,16,7,Orange Permit,19
2023-10-16,16,7,Purple Permit,7
2023-10-16,16,7,Pay-By-Space,24
2023-10-16,16,20,Gold Permit,64
2023-10-16,16,20,Gold Permit,22
2023-10-16,16,20,Gold Permit,0
2023-10-16,16,20,Orange Permit,71
2023-10-16,16,20,Orange Permit,20
2023-10-16,16,20,Purple Permit,9
2023-10-16,16,20,Pay-By-Space,24
2023-10-16,16,32,Gold Permit,70
2023-10-16,16,32,Gold Permit,28
2023-10-16,16,32,Gold Permit,0
2023-10-16,16,32,Orange Permit,72
2023-10-16,16,32,Orange Permit,20
2023-10-16,16,32,Purple Permit,14
2023-10-16,16,32,Pay-By-Space,23
2023-10-16,16,47,Gold Permit,71
2023-10-16,16,47,Gold Permit,31
2023-10-16,16,47,Gold Permit,0
2023-10-16,16,47,Orange Permit,72
2023-10-16,16,47,Orange Permit,23
2023-10-16,16,47,Purple Permit,17
2023-10-16,16,47,Pay-By-Space,25
2023-10-16,17,7,Gold Permit,76
2023-10-16,17,7,Gold Permit,47
2023-10-16,17,7,Gold Permit,0
2023-10-16,17,7,Orange Permit,88
2023-10-16,17,7,Orange Permit,32
2023-10-16,17,7,Purple Permit,21
2023-10-16,17,7,Pay-By-Space,28
2023-10-16,17,25,Gold Permit,89
2023-10-16,17,25,Gold Permit,60
2023-10-16,17,25,Gold Permit,0
2023-10-16,17,25,Orange Permit,95
2023-10-16,17,25,Orange Permit,48
2023-10-16,17,25,Purple Permit,21
2023-10-16,17,25,Pay-By-Space,31
2023-10-16,17,32,Gold Permit,90
2023-10-16,17,32,Gold Permit,65
2023-10-16,17,32,Gold Permit,0
2023-10-16,17,32,Orange Permit,96
2023-10-16,17,32,Orange Permit,52
2023-10-16,17,32,Purple Permit,21
2023-10-16,17,32,Pay-By-Space,29
2023-10-16,17,47,Gold Permit,96
2023-10-16,17,47,Gold Permit,71
2023-10-16,17,47,Gold Permit,0
2023-10-16,17,47,Orange Permit,102
2023-10-16,17,47,Orange Permit,48
2023-10-16,17,47,Purple Permit,23
2023-10-16,17,47,Pay-By-Space,30
2023-10-16,18,7,Gold Permit,102
2023-10-16,18,7,Gold Permit,79
2023-10-16,18,7,Gold Permit,0
2023-10-16,18,7,Orange Permit,111
2023-10-16,18,7,Orange Permit,53
2023-10-16,18,7,Purple Permit,26
2023-10-16,18,7,Pay-By-Space,28
2023-10-16,18,20,Gold Permit,109
2023-10-16,18,20,Gold Permit,87
2023-10-16,18,20,Gold Permit,0
2023-10-16,18,20,Orange Permit,117
2023-10-16,18,20,Orange Permit,52
2023-10-16,18,20,Purple Permit,26
2023-10-16,18,20,Pay-By-Space,29
2023-10-16,18,32,Gold Permit,115
2023-10-16,18,32,Gold Permit,89
2023-10-16,18,32,Gold Permit,0
2023-10-16,18,32,Orange Permit,118
2023-10-16,18,32,Orange Permit,53
2023-10-16,18,32,Purple Permit,26
2023-10-16,18,32,Pay-By-Space,30
2023-10-16,18,47,Gold Permit,120
2023-10-16,18,47,Gold Permit,93
2023-10-16,18,47,Gold Permit,0
2023-10-16,18,47,Orange Permit,121
2023-10-16,18,47,Orange Permit,59
2023-10-16,18,47,Purple Permit,26
2023-10-16,18,47,Pay-By-Space,29
2023-10-16,19,34,Gold Permit,141
2023-10-16,19,34,Gold Permit,127
2023-10-16,19,34,Gold Permit,1
2023-10-16,19,34,Orange Permit,138
2023-10-16,19,34,Orange Permit,74
2023-10-16,19,34,Purple Permit,30
2023-10-16,19,34,Pay-By-Space,30
2023-10-16,20,37,Gold Permit,153
2023-10-16,20,37,Gold Permit,139
2023-10-16,20,37,Gold Permit,6
2023-10-16,20,37,Orange Permit,146
2023-10-16,20,37,Orange Permit,87
2023-10-16,20,37,Purple Permit,32
2023-10-16,20,37,Pay-By-Space,33
2023-10-16,21,8,Gold Permit,156
2023-10-16,21,8,Gold Permit,146
2023-10-16,21,8,Gold Permit,6
2023-10-16,21,8,Orange Permit,150
2023-10-16,21,8,Orange Permit,88
2023-10-16,21,8,Purple Permit,35
2023-10-16,21,8,Pay-By-Space,34
2023-10-16,21,28,Gold Permit,157
2023-10-16,21,28,Gold Permit,149
2023-10-16,21,28,Gold Permit,6
2023-10-16,21,28,Orange Permit,152
2023-10-16,21,28,Orange Permit,90
2023-10-16,21,28,Purple Permit,33
2023-10-16,21,28,Pay-By-Space,35
2023-10-16,21,36,Gold Permit,157
2023-10-16,21,36,Gold Permit,151
2023-10-16,21,36,Gold Permit,6
2023-10-16,21,36,Orange Permit,153
2023-10-16,21,36,Orange Permit,92
2023-10-16,21,36,Purple Permit,33
2023-10-16,21,36,Pay-By-Space,35
2023-10-16,21,47,Gold Permit,159
2023-10-16,21,47,Gold Permit,154
2023-10-16,21,47,Gold Permit,6
2023-10-16,21,47,Orange Permit,153
2023-10-16,21,47,Orange Permit,96
2023-10-16,21,47,Purple Permit,34
2023-10-16,21,47,Pay-By-Space,35
2023-10-16,22,7,Gold Permit,163
2023-10-16,22,7,Gold Permit,157
2023-10-16,22,7,Gold Permit,6
2023-10-16,22,7,Orange Permit,155
2023-10-16,22,7,Orange Permit,100
2023-10-16,22,7,Purple Permit,34
2023-10-16,22,7,Pay-By-Space,36
